team,country,year,events,athletes,age,height,weight,medals
AFG,Afghanistan,1960,13,16,23.3125,170.6875,69.4375,0
AFG,Afghanistan,1964,8,8,22.0,161.0,64.25,0
AFG,Afghanistan,1968,5,5,23.2,170.2,70.0,0
AFG,Afghanistan,1972,8,8,29.0,168.33333333333334,63.75,0
AFG,Afghanistan,1980,11,11,23.636363636363637,168.36363636363637,63.18181818181818,0
AFG,Afghanistan,2004,5,5,18.6,170.75,64.75,0
AFG,Afghanistan,2008,4,4,22.5,179.25,62.75,1
AFG,Afghanistan,2012,6,6,24.833333333333332,171.66666666666666,60.833333333333336,1
AFG,Afghanistan,2016,3,3,24.666666666666668,173.66666666666666,74.0,0
AHO,Netherlands Antilles,1960,4,5,26.2,170.2,83.9,0
AHO,Netherlands Antilles,1964,4,4,28.5,171.25,69.375,0
AHO,Netherlands Antilles,1968,4,5,31.0,173.2,67.8,0
AHO,Netherlands Antilles,1972,2,2,38.5,164.0,86.0,0
AHO,Netherlands Antilles,1976,4,4,27.333333333333332,174.5,66.0,0
AHO,Netherlands Antilles,1984,10,13,18.23076923076923,181.11111111111111,69.77777777777777,0
AHO,Netherlands Antilles,1988,4,4,25.0,193.0,80.0,1
AHO,Netherlands Antilles,1992,4,4,30.25,178.0,83.5,0
AHO,Netherlands Antilles,1996,7,7,30.142857142857142,178.0,83.25,0
AHO,Netherlands Antilles,2000,8,8,30.625,179.125,79.625,0
AHO,Netherlands Antilles,2004,3,3,32.333333333333336,183.66666666666666,80.0,0
AHO,Netherlands Antilles,2008,4,4,23.0,178.75,74.5,0
ALB,Albania,1992,8,9,25.333333333333332,163.0,75.25,0
ALB,Albania,1996,7,9,26.77777777777778,169.0,67.5,0
ALB,Albania,2000,5,5,31.2,167.8,62.9,0
ALB,Albania,2004,7,7,20.857142857142858,172.28571428571428,70.71428571428571,0
ALB,Albania,2008,12,12,27.25,173.41666666666666,74.75,0
ALB,Albania,2012,9,10,25.7,176.8,80.2,0
ALB,Albania,2016,6,6,23.666666666666668,176.16666666666666,67.16666666666667,0
ALG,Algeria,1964,7,7,26.0,175.0,65.0,0
ALG,Algeria,1968,9,9,25.77777777777778,169.77777777777777,61.22222222222222,0
ALG,Algeria,1972,5,7,22.714285714285715,173.16666666666666,63.5,0
ALG,Algeria,1980,28,63,23.372881355932204,175.45,69.16666666666667,0
ALG,Algeria,1984,17,33,24.258064516129032,176.8095238095238,73.31818181818181,2
ALG,Algeria,1988,29,45,24.622222222222224,176.16666666666666,72.83333333333333,0
ALG,Algeria,1992,27,36,23.77777777777778,170.42857142857142,63.04545454545455,2
ALG,Algeria,1996,29,47,24.19148936170213,176.0,70.21875,3
ALG,Algeria,2000,42,51,24.901960784313726,174.31372549019608,67.94117647058823,5
ALG,Algeria,2004,57,71,25.08450704225352,173.6231884057971,67.59420289855072,0
ALG,Algeria,2008,44,57,25.210526315789473,176.98214285714286,70.82142857142857,2
ALG,Algeria,2012,29,39,24.846153846153847,174.26315789473685,66.85714285714286,1
ALG,Algeria,2016,48,74,23.95945945945946,174.02702702702703,68.37837837837837,2
AND,Andorra,1976,2,3,28.333333333333332,174.66666666666666,78.0,0
AND,Andorra,1980,1,2,31.0,180.5,85.5,0
AND,Andorra,1984,1,2,35.0,180.5,85.5,0
AND,Andorra,1988,3,4,22.25,170.75,64.5,0
AND,Andorra,1992,5,8,23.125,171.16666666666666,63.666666666666664,0
AND,Andorra,1996,7,8,24.375,172.4,64.4,0
AND,Andorra,2000,5,5,31.0,175.0,69.8,0
AND,Andorra,2004,6,6,29.666666666666668,173.33333333333334,68.5,0
AND,Andorra,2008,5,5,26.6,169.0,61.4,0
AND,Andorra,2012,6,6,32.0,173.4,68.0,0
AND,Andorra,2016,4,4,26.0,171.5,66.25,0
ANG,Angola,1980,14,17,17.352941176470587,171.7058823529412,62.470588235294116,0
ANG,Angola,1988,27,33,20.09090909090909,169.19230769230768,61.26923076923077,0
ANG,Angola,1992,21,33,23.87878787878788,182.30769230769232,76.76923076923077,0
ANG,Angola,1996,8,30,25.466666666666665,180.625,76.79166666666667,0
ANG,Angola,2000,7,30,26.8,182.78571428571428,80.53571428571429,0
ANG,Angola,2004,5,30,26.7,182.9,81.46666666666667,0
ANG,Angola,2008,8,33,27.181818181818183,182.4848484848485,79.0909090909091,0
ANG,Angola,2012,10,35,26.428571428571427,174.37142857142857,70.14285714285714,0
ANG,Angola,2016,10,26,27.46153846153846,174.5,73.34615384615384,0
ANT,Antigua and Barbuda,1976,11,17,23.1875,178.64285714285714,71.64285714285714,0
ANT,Antigua and Barbuda,1984,17,27,21.11111111111111,176.53846153846155,64.76923076923077,0
ANT,Antigua and Barbuda,1988,19,25,23.32,177.76,65.2,0
ANT,Antigua and Barbuda,1992,15,18,25.444444444444443,172.30769230769232,63.69230769230769,0
ANT,Antigua and Barbuda,1996,9,19,24.36842105263158,167.54545454545453,63.27272727272727,0
ANT,Antigua and Barbuda,2000,4,4,29.5,170.25,69.5,0
ANT,Antigua and Barbuda,2004,5,5,20.0,169.0,59.8,0
ANT,Antigua and Barbuda,2008,5,5,22.2,176.8,68.4,0
ANT,Antigua and Barbuda,2012,4,4,23.0,174.25,68.0,0
ANT,Antigua and Barbuda,2016,5,9,22.22222222222222,176.75,71.55555555555556,0
ANZ,Australasia,1908,20,48,23.74418604651163,175.45454545454547,67.0,19
ANZ,Australasia,1912,17,38,24.81578947368421,183.75,78.66666666666667,10
ARG,Argentina,1924,39,109,25.116666666666667,176.5,77.2,10
ARG,Argentina,1928,40,98,23.345454545454544,172.625,68.38888888888889,26
ARG,Argentina,1932,30,47,26.536585365853657,174.64444444444445,72.38461538461539,4
ARG,Argentina,1936,31,68,29.323529411764707,169.73333333333332,65.0,11
ARG,Argentina,1948,101,295,27.722826086956523,176.4857142857143,74.44871794871794,11
ARG,Argentina,1952,77,174,27.651162790697676,172.25581395348837,73.31395348837209,6
ARG,Argentina,1956,32,44,28.058823529411764,173.8235294117647,77.88888888888889,2
ARG,Argentina,1960,54,116,28.21551724137931,175.43103448275863,73.69827586206897,4
ARG,Argentina,1964,78,148,27.5472972972973,175.32413793103447,73.95205479452055,1
ARG,Argentina,1968,60,132,26.083969465648856,175.5151515151515,73.11363636363636,2
ARG,Argentina,1972,62,123,26.32520325203252,175.71544715447155,73.78048780487805,1
ARG,Argentina,1976,50,106,24.228571428571428,175.26315789473685,73.92631578947369,0
ARG,Argentina,1984,70,115,24.85217391304348,177.63478260869564,73.49565217391304,0
ARG,Argentina,1988,53,134,24.955223880597014,178.7348484848485,73.3955223880597,13
ARG,Argentina,1992,68,111,24.324324324324323,176.13114754098362,73.53174603174604,2
ARG,Argentina,1996,102,221,24.466063348416288,177.92537313432837,75.68248175182482,20
ARG,Argentina,2000,98,165,25.0,175.84146341463415,72.51524390243902,20
ARG,Argentina,2004,86,179,27.039106145251395,177.3854748603352,75.20949720670392,49
ARG,Argentina,2008,71,145,27.082758620689656,176.87586206896552,74.39310344827587,51
ARG,Argentina,2012,66,148,27.35135135135135,180.04054054054055,78.375,19
ARG,Argentina,2016,80,232,27.5,178.6594827586207,75.22413793103448,22
ARM,Armenia,1996,36,38,24.0,169.0,71.81428571428572,2
ARM,Armenia,2000,26,26,25.615384615384617,174.23076923076923,75.3076923076923,1
ARM,Armenia,2004,19,19,26.736842105263158,173.8421052631579,79.26315789473684,0
ARM,Armenia,2008,24,26,24.923076923076923,173.72,74.53846153846153,6
ARM,Armenia,2012,30,31,24.93548387096774,173.32258064516128,73.16129032258064,3
ARM,Armenia,2016,32,34,24.529411764705884,170.3235294117647,73.6470588235294,4
ARU,Aruba,1988,10,12,27.833333333333332,171.0,68.16666666666667,0
ARU,Aruba,1992,4,5,28.0,171.25,67.25,0
ARU,Aruba,1996,3,3,23.333333333333332,175.33333333333334,79.33333333333333,0
ARU,Aruba,2000,5,5,19.6,170.2,61.6,0
ARU,Aruba,2004,4,4,22.0,175.75,74.0,0
ARU,Aruba,2008,2,2,25.5,186.5,80.5,0
ARU,Aruba,2012,4,4,23.75,173.0,87.0,0
ARU,Aruba,2016,6,7,24.0,174.28571428571428,68.71428571428571,0
ASA,American Samoa,1988,6,6,27.0,179.5,97.25,0
ASA,American Samoa,1996,6,7,30.857142857142858,168.0,91.25,0
ASA,American Samoa,2000,4,4,27.0,179.75,103.0,0
ASA,American Samoa,2004,3,3,30.0,172.0,91.66666666666667,0
ASA,American Samoa,2008,4,4,23.5,170.0,59.0,0
ASA,American Samoa,2012,4,4,22.0,171.0,79.75,0
ASA,American Samoa,2016,4,4,25.25,176.75,75.25,0
AUS,Amateur Athletic Association,1900,6,6,22.0,178.0,71.0,6
AUS,Australia,1906,9,10,24.5,172.2,62.0,3
AUS,Australia,1920,19,29,24.636363636363637,175.73333333333332,68.0,7
AUS,Australia,1924,31,60,26.0,177.3181818181818,68.73333333333333,10
AUS,Australia,1928,26,29,21.285714285714285,176.375,74.5,4
AUS,Australia,1932,17,20,27.647058823529413,175.28571428571428,81.8,5
AUS,Australia,1936,26,39,23.394736842105264,174.0,70.66666666666667,1
AUS,Australia,1948,52,103,24.77319587628866,179.8421052631579,73.65789473684211,16
AUS,Vinha,1952,67,140,24.12230215827338,180.6764705882353,73.09722222222223,20
AUS,Australia,1956,143,412,24.604166666666668,177.2109375,71.21825396825396,67
AUS,Australia,1960,122,280,24.117857142857144,175.20143884892087,70.18933823529412,46
AUS,Australia,1964,133,392,24.441326530612244,174.50143266475644,70.22349570200574,44
AUS,Australia,1968,105,224,23.125,174.99103139013454,69.65470852017937,51
AUS,Australia,1972,110,266,23.270676691729324,175.93962264150943,70.93560606060606,20
AUS,Australia,1976,115,274,24.033088235294116,177.01923076923077,71.18461538461538,23
AUS,Australia,1980,92,190,22.53684210526316,178.3421052631579,73.22631578947369,13
AUS,Australia,1984,137,337,23.833827893175073,177.5192878338279,72.59214501510574,52
AUS,Australia,1988,145,339,24.94395280235988,177.6727272727273,72.85757575757576,35
AUS,Australia,1992,153,390,23.846153846153847,178.3111888111888,73.87050359712231,57
AUS,Australia,1996,211,550,24.854545454545455,175.88148148148147,71.80442804428044,132
AUS,Australia-2,2000,270,788,25.798223350253807,176.9936386768448,72.87977099236642,183
AUS,Australia-1,2004,219,601,25.823627287853576,177.5324459234609,73.57321131447587,157
AUS,Australia,2008,219,570,26.07017543859649,177.00175438596492,72.44736842105263,149
AUS,Australia,2012,208,514,26.270428015564203,178.35214007782102,73.35222672064778,114
AUS,Australia,2016,194,518,26.55212355212355,178.57640232108318,73.060546875,82
AUT,Austria,1906,46,100,26.5,179.85714285714286,114.0,9
AUT,Austria,1908,10,13,23.0,180.0,72.0,1
AUT,Austria,1912,46,132,25.748091603053435,181.14285714285714,72.08333333333333,14
AUT,Austria,1924,27,56,28.766666666666666,178.0,76.33333333333333,4
AUT,Austria,1928,39,113,36.8876404494382,173.8,83.14285714285714,5
AUT,Austria,1936,105,363,31.301994301994302,175.0,70.5,55
AUT,Austria,1948,79,239,33.200873362445414,175.6,73.34615384615384,8
AUT,Austria,1952,70,238,25.563025210084035,173.94736842105263,72.76470588235294,3
AUT,Austria,1956,36,57,28.285714285714285,175.52380952380952,72.65,4
AUT,Austria,1960,81,198,25.921465968586386,171.7709923664122,68.27692307692308,3
AUT,Austria,1964,54,82,24.829268292682926,175.8048780487805,73.59146341463415,0
AUT,Austria,1968,37,59,25.915254237288135,178.40350877192984,75.0,5
AUT,Austria,1972,68,143,26.25874125874126,177.43661971830986,73.92605633802818,3
AUT,Austria,1976,44,73,27.34246575342466,178.43835616438355,76.22602739726027,1
AUT,Austria,1980,51,92,24.630434782608695,177.58695652173913,73.42934782608695,5
AUT,Austria,1984,72,130,25.192307692307693,176.88372093023256,73.05384615384615,3
AUT,Austria,1988,62,96,27.020833333333332,180.49473684210525,77.30526315789474,1
AUT,Austria,1992,68,127,26.212598425196852,178.77685950413223,74.05785123966942,6
AUT,Austria,1996,53,92,27.467391304347824,179.16304347826087,73.07608695652173,3
AUT,Austria,2000,68,114,26.30701754385965,179.46491228070175,72.35964912280701,4
AUT,Austria,2004,56,92,28.358695652173914,179.54347826086956,73.0,8
AUT,Austria,2008,62,93,27.27956989247312,177.96774193548387,70.24731182795699,3
AUT,Austria,2012,69,90,28.2,176.67777777777778,69.5,0
AUT,Austria,2016,61,85,27.388235294117646,176.89411764705883,70.04705882352941,2
AZE,Azerbaijan,1996,23,24,25.125,172.1,71.47619047619048,1
AZE,Azerbaijan,2000,32,32,26.4375,170.70967741935485,70.03225806451613,3
AZE,Azerbaijan,2004,36,37,26.594594594594593,172.3783783783784,71.54054054054055,5
AZE,Azerbaijan,2008,37,44,23.75,171.1590909090909,69.18181818181819,7
AZE,Azerbaijan,2012,57,59,25.220338983050848,171.75862068965517,72.22916666666667,10
AZE,Azerbaijan,2016,62,69,25.608695652173914,175.66666666666666,72.04347826086956,18
BAH,Yeoman,1952,3,7,32.857142857142854,181.0,88.25,0
BAH,Bahamas,1956,4,5,28.8,181.6,85.8,2
BAH,John B,1960,8,14,32.0,177.42857142857142,80.85714285714286,0
BAH,John B,1964,6,12,32.666666666666664,176.41666666666666,77.58333333333333,2
BAH,Bahamas,1968,12,22,27.545454545454547,179.77272727272728,78.4090909090909,0
BAH,Bahamas,1972,13,25,27.08,181.72,75.48,0
BAH,Bahamas,1976,13,19,23.157894736842106,180.4375,74.4375,0
BAH,Bahamas,1984,23,31,22.06451612903226,177.32258064516128,69.46774193548387,0
BAH,Bahamas,1988,15,18,26.944444444444443,177.625,73.53125,0
BAH,Bahamas,1992,13,18,24.555555555555557,180.2,76.06666666666666,1
BAH,Bahamas,1996,17,36,27.11111111111111,176.33333333333334,72.39393939393939,5
BAH,Bahamas,2000,18,39,26.41025641025641,175.92307692307693,72.35897435897436,11
BAH,Bahamas,2004,18,28,25.785714285714285,174.28571428571428,72.5,2
BAH,Bahamas,2008,22,33,26.0,175.63636363636363,70.75757575757575,7
BAH,Bahamas,2012,16,29,25.96551724137931,176.57692307692307,68.76923076923077,4
BAH,Bahamas,2016,20,38,25.57894736842105,177.12121212121212,68.6875,6
BAN,Bangladesh,1984,2,2,21.0,162.0,60.0,0
BAN,Bangladesh,1988,8,11,23.454545454545453,170.8181818181818,63.09090909090909,0
BAN,Bangladesh,1992,6,9,24.555555555555557,169.57142857142858,63.0,0
BAN,Bangladesh,1996,4,4,22.75,164.0,55.5,0
BAN,Bangladesh,2000,6,6,20.833333333333332,157.66666666666666,54.666666666666664,0
BAN,Bangladesh,2004,4,4,19.25,168.0,59.0,0
BAN,Bangladesh,2008,5,5,24.4,165.0,59.0,0
BAN,Bangladesh,2012,7,7,20.714285714285715,164.28571428571428,61.714285714285715,0
BAN,Bangladesh,2016,7,7,23.428571428571427,166.5,71.75,0
BAR,Barbados,1968,10,13,24.153846153846153,172.76923076923077,70.92307692307692,0
BAR,Barbados,1972,13,20,24.35,170.76923076923077,71.23076923076923,0
BAR,Barbados,1976,11,17,23.235294117647058,170.41176470588235,66.17647058823529,0
BAR,Barbados,1984,16,25,24.208333333333332,179.56521739130434,70.56521739130434,0
BAR,Barbados,1988,20,26,23.44,173.58823529411765,70.625,0
BAR,Barbados,1992,17,22,26.09090909090909,180.78571428571428,73.92857142857143,0
BAR,Barbados,1996,21,22,20.863636363636363,172.04761904761904,73.38095238095238,0
BAR,Barbados,2000,21,28,23.535714285714285,177.78571428571428,73.82142857142857,1
BAR,Barbados,2004,15,15,23.2,180.26666666666668,79.86666666666666,0
BAR,Barbados,2008,10,10,22.4,182.4,76.2,0
BAR,Barbados,2012,6,8,23.5,183.0,74.125,0
BAR,Barbados,2016,11,13,25.153846153846153,180.69230769230768,75.15384615384616,0
BDI,Burundi,1996,6,7,25.428571428571427,175.42857142857142,60.857142857142854,1
BDI,Burundi,2000,5,6,25.166666666666668,178.16666666666666,59.833333333333336,0
BDI,Burundi,2004,5,7,25.0,171.0,57.142857142857146,0
BDI,Burundi,2008,3,3,24.333333333333332,162.66666666666666,48.333333333333336,0
BDI,Burundi,2012,6,6,21.833333333333332,172.0,63.833333333333336,0
BDI,Burundi,2016,9,10,24.5,171.8,59.1,1
BEL,Belgium,1908,33,99,26.615384615384617,176.25,70.4,33
BEL,Belgium,1912,23,72,28.060606060606062,180.0,80.75,19
BEL,Belgium,1920,121,518,30.848920863309353,176.38888888888889,74.58333333333333,188
BEL,Belgium,1924,82,234,30.987261146496817,177.21428571428572,72.05555555555556,39
BEL,Belgium,1928,90,260,28.45390070921986,177.1,75.18181818181819,5
BEL,Belgium,1936,72,205,31.32804232804233,170.88888888888889,62.857142857142854,14
BEL,Belgium,1948,77,182,28.954802259887007,177.55555555555554,71.70833333333333,15
BEL,Belgium,1952,74,184,27.065217391304348,175.3793103448276,72.79032258064517,8
BEL,Belgium,1956,39,82,25.675,175.03030303030303,70.74242424242425,2
BEL,Belgium,1960,64,150,26.313333333333333,173.24,69.60333333333334,4
BEL,Belgium,1964,36,74,25.0,176.4931506849315,73.45205479452055,3
BEL,Belgium,1968,55,106,23.452830188679247,176.75,71.65384615384616,3
BEL,Belgium,1972,51,106,24.650943396226417,175.97142857142856,72.2135922330097,2
BEL,Belgium,1976,80,149,22.604026845637584,175.25850340136054,68.78911564625851,9
BEL,Belgium,1980,51,84,23.047619047619047,176.0,68.25,1
BEL,Belgium,1984,48,86,24.093023255813954,176.52325581395348,71.97674418604652,5
BEL,Belgium,1988,65,85,24.28235294117647,174.79761904761904,68.9875,2
BEL,Belgium,1992,70,103,24.844660194174757,177.5686274509804,70.91919191919192,3
BEL,Belgium,1996,55,81,27.123456790123456,178.37333333333333,71.89333333333333,6
BEL,Belgium,2000,64,94,25.840425531914892,175.09574468085106,67.19148936170212,7
BEL,Belgium,2004,41,70,28.857142857142858,175.68571428571428,66.84285714285714,3
BEL,Belgium,2008,55,112,24.857142857142858,178.51785714285714,70.05357142857143,5
BEL,Belgium,2012,71,142,27.661971830985916,177.40140845070422,70.50704225352112,3
BEL,Belgium,2016,74,138,25.253623188405797,176.2246376811594,67.71739130434783,21
BEN,Benin,1972,3,3,23.0,158.0,51.0,0
BEN,Benin,1980,17,17,24.0,169.42857142857142,62.714285714285715,0
BEN,Benin,1984,3,3,25.333333333333332,170.66666666666666,64.33333333333333,0
BEN,Benin,1988,7,10,27.6,176.2,68.2,0
BEN,Benin,1992,6,7,22.4,173.42857142857142,69.14285714285714,0
BEN,Benin,1996,4,7,25.714285714285715,175.42857142857142,71.85714285714286,0
BEN,Benin,2000,4,4,25.75,172.25,67.75,0
BEN,Benin,2004,4,4,22.75,174.5,67.75,0
BEN,Benin,2008,5,5,24.4,173.4,64.2,0
BEN,Benin,2012,5,5,26.2,174.6,65.25,0
BEN,Benin,2016,6,6,26.5,179.33333333333334,78.83333333333333,0
BER,Pam,1956,1,3,42.0,169.0,74.0,0
BER,Bermudian,1960,4,9,38.888888888888886,174.0,78.28571428571429,0
BER,Oleander XII,1964,2,4,25.5,177.0,73.0,0
BER,Bermuda,1968,4,6,29.166666666666668,180.66666666666666,74.16666666666667,0
BER,Bermuda,1972,4,9,30.0,175.55555555555554,76.22222222222223,0
BER,Bermuda,1976,12,20,25.0,176.7,74.0,1
BER,Bermuda,1984,10,13,25.076923076923077,181.15384615384616,74.23076923076923,0
BER,Bermuda,1988,12,14,28.642857142857142,177.21428571428572,71.28571428571429,0
BER,Bermuda,1992,20,29,23.655172413793103,172.125,70.5,0
BER,Bermuda,1996,9,10,30.7,177.75,80.57142857142857,0
BER,Bermuda,2000,6,7,31.857142857142858,179.57142857142858,81.85714285714286,0
BER,Bermuda,2004,7,10,31.3,176.7,75.6,0
BER,Bermuda,2008,6,6,24.0,174.0,64.16666666666667,0
BER,Bermuda,2012,7,8,27.75,176.5,67.0,0
BER,Bermuda,2016,8,8,25.125,174.125,69.125,0
BHU,Bhutan,1984,2,6,26.333333333333332,171.5,62.0,0
BHU,Bhutan,1988,2,6,34.0,169.33333333333334,66.0,0
BHU,Bhutan,1992,4,12,22.166666666666668,163.66666666666666,59.0,0
BHU,Bhutan,1996,2,2,23.5,163.0,55.0,0
BHU,Bhutan,2000,2,2,25.0,164.0,53.5,0
BHU,Bhutan,2004,2,2,25.5,167.5,57.5,0
BHU,Bhutan,2008,2,2,27.0,169.0,60.0,0
BHU,Bhutan,2012,2,2,27.5,155.0,60.0,0
BHU,Bhutan,2016,2,2,25.0,164.0,55.0,0
BIH,Bosnia and Herzegovina,1992,13,13,26.615384615384617,173.5,83.0,0
BIH,Bosnia and Herzegovina,1996,12,12,27.333333333333332,176.57142857142858,68.71428571428571,0
BIH,Bosnia and Herzegovina,2000,10,11,28.454545454545453,181.77777777777777,71.88888888888889,0
BIH,Bosnia and Herzegovina,2004,11,11,27.636363636363637,181.0909090909091,76.18181818181819,0
BIH,Bosnia and Herzegovina,2008,7,7,32.42857142857143,180.42857142857142,81.0,0
BIH,Bosnia and Herzegovina,2012,8,8,32.125,180.0,78.0,0
BIH,Bosnia and Herzegovina,2016,8,11,25.272727272727273,180.1818181818182,85.9090909090909,0
BIZ,Belize,1968,6,7,29.142857142857142,171.14285714285714,65.0,0
BIZ,Belize,1972,2,2,66.0,175.0,76.0,0
BIZ,Belize,1976,4,4,44.333333333333336,175.33333333333334,66.66666666666667,0
BIZ,Belize,1984,7,13,22.384615384615383,174.6153846153846,68.15384615384616,0
BIZ,Belize,1988,7,13,22.307692307692307,174.23076923076923,66.15384615384616,0
BIZ,Belize,1992,10,18,22.5,177.23529411764707,69.23529411764706,0
BIZ,Belize,1996,5,5,26.8,175.75,61.25,0
BIZ,Belize,2000,2,2,21.0,177.5,74.5,0
BIZ,Belize,2004,2,2,23.5,176.5,70.5,0
BIZ,Belize,2008,4,4,26.75,175.75,70.25,0
BIZ,Belize,2012,3,3,27.333333333333332,164.0,66.66666666666667,0
BIZ,Belize,2016,3,3,27.333333333333332,183.66666666666666,79.33333333333333,0
BLR,Belarus,1996,115,259,23.486486486486488,171.33689839572193,67.16153846153846,23
BLR,Belarus,2000,109,231,24.857142857142858,171.09649122807016,65.60745614035088,22
BLR,Belarus,2004,121,192,25.473958333333332,176.40104166666666,73.44010416666667,15
BLR,Belarus,2008,122,237,25.59493670886076,176.45991561181435,72.15189873417721,29
BLR,Belarus,2012,110,185,26.90810810810811,177.06486486486486,72.97222222222223,23
BLR,Belarus,2016,86,142,27.316901408450704,176.55633802816902,71.56338028169014,12
BOL,Bolivia,1964,1,1,34.0,184.0,85.0,0
BOL,Bolivia,1968,3,4,39.0,173.5,74.25,0
BOL,Bolivia,1972,9,14,30.785714285714285,170.42857142857142,70.35714285714286,0
BOL,Bolivia,1976,5,5,30.8,173.4,67.4,0
BOL,Bolivia,1984,11,13,28.615384615384617,169.9090909090909,63.45454545454545,0
BOL,Bolivia,1988,12,12,20.5,177.66666666666666,70.91666666666667,0
BOL,Bolivia,1992,18,21,24.952380952380953,169.0,60.15384615384615,0
BOL,Bolivia,1996,9,9,22.555555555555557,170.25,62.0,0
BOL,Bolivia,2000,5,5,24.2,173.4,62.0,0
BOL,Bolivia,2004,11,11,20.454545454545453,162.0,54.36363636363637,0
BOL,Bolivia,2008,7,7,32.42857142857143,168.66666666666666,66.5,0
BOL,Bolivia,2012,5,5,23.8,171.5,65.25,0
BOL,Bolivia,2016,10,12,25.583333333333332,171.33333333333334,64.25,0
BOT,Botswana,1980,8,8,26.0,171.75,64.0,0
BOT,Botswana,1984,6,8,28.5,176.875,69.5,0
BOT,Botswana,1988,8,11,25.2,180.8181818181818,70.36363636363636,0
BOT,Botswana,1992,6,6,27.666666666666668,176.83333333333334,67.16666666666667,0
BOT,Botswana,1996,4,7,25.571428571428573,173.16666666666666,65.57142857142857,0
BOT,Botswana,2000,5,9,24.88888888888889,173.44444444444446,65.22222222222223,0
BOT,Botswana,2004,8,12,24.416666666666668,172.5,62.416666666666664,0
BOT,Botswana,2008,11,11,23.818181818181817,175.27272727272728,62.72727272727273,0
BOT,Botswana,2012,4,4,23.5,179.0,65.0,1
BOT,Botswana,2016,7,14,21.928571428571427,179.4,67.18181818181819,0
BRA,Brazil,1924,15,18,23.142857142857142,182.0,70.0,0
BRA,Brazil,1932,28,67,24.9,176.0,67.2,0
BRA,Brazil,1936,37,94,25.595744680851062,177.6153846153846,69.75,0
BRA,Brazil,1948,41,105,26.623762376237625,178.0,71.88888888888889,10
BRA,Brazil,1952,51,119,26.36283185840708,177.11111111111111,75.44444444444444,3
BRA,Brazil,1956,30,63,26.40983606557377,178.6153846153846,73.72222222222223,1
BRA,Brazil,1960,35,86,25.988372093023255,176.73809523809524,75.68181818181819,13
BRA,Brazil,1964,17,65,24.384615384615383,183.66666666666666,81.29032258064517,12
BRA,Brazil,1968,27,89,24.93258426966292,180.01123595505618,76.19101123595506,4
BRA,Brazil,1972,44,104,23.134615384615383,180.19230769230768,76.98076923076923,2
BRA,Brazil,1976,47,89,23.60674157303371,177.66666666666666,73.01149425287356,3
BRA,Brazil,1980,72,149,23.335570469798657,179.3716216216216,73.97972972972973,9
BRA,Brazil,1984,82,197,24.3248730964467,179.23783783783784,73.18378378378378,36
BRA,Brazil,1988,106,233,24.30901287553648,179.07758620689654,73.40517241379311,23
BRA,Brazil,1992,107,233,25.23175965665236,181.31460674157304,74.75,14
BRA,Brazil,1996,93,251,25.330677290836654,180.95951417004048,75.69635627530364,63
BRA,Brazil,2000,96,236,25.008474576271187,177.20338983050848,71.28389830508475,48
BRA,Brazil,2004,133,318,25.330188679245282,175.48742138364778,69.70125786163523,40
BRA,Brazil,2008,145,338,25.727810650887573,175.66167664670658,69.81437125748504,78
BRA,Brazil,2012,138,306,27.00980392156863,177.31772575250835,72.12162162162163,59
BRA,Brazil,2016,222,583,27.193825042881645,175.4182444061962,71.34251290877796,50
BRN,Bahrain,1984,8,14,21.333333333333332,179.0,72.66666666666667,0
BRN,Bahrain,1988,7,16,23.666666666666668,185.5625,71.375,0
BRN,Bahrain,1992,10,15,24.866666666666667,167.92857142857142,72.78571428571429,0
BRN,Bahrain,2004,10,10,22.6,173.0,66.5,0
BRN,Bahrain,2008,11,15,24.333333333333332,172.33333333333334,65.86666666666666,0
BRN,Bahrain,2012,11,14,22.571428571428573,167.14285714285714,56.42857142857143,1
BRN,Bahrain,2016,20,33,23.424242424242426,171.32142857142858,61.392857142857146,2
BRU,Brunei,1996,1,1,23.0,172.0,90.0,0
BRU,Brunei,2000,2,2,26.5,172.0,90.0,0
BRU,Brunei,2004,1,1,22.0,173.0,65.0,0
BRU,Brunei,2012,3,3,18.666666666666668,168.0,59.0,0
BRU,Brunei,2016,3,3,23.0,158.0,57.333333333333336,0
BUL,Bulgaria,1924,12,31,23.142857142857142,172.0,66.0,0
BUL,Bulgaria,1928,5,10,30.3,172.0,66.0,0
BUL,Bulgaria,1952,34,179,23.09493670886076,165.88888888888889,62.361111111111114,1
BUL,Bulgaria,1956,31,82,25.77027027027027,172.89795918367346,72.44897959183673,18
BUL,Bulgaria,1960,66,183,25.53551912568306,171.37362637362637,67.9423076923077,7
BUL,Bulgaria,1964,56,116,26.5,171.95689655172413,69.58636363636364,10
BUL,Bulgaria,1968,69,189,24.306878306878307,173.62566844919786,69.35106382978724,26
BUL,Bulgaria,1972,92,226,23.871681415929203,171.42477876106196,68.11111111111111,22
BUL,Bulgaria,1976,108,254,22.161417322834644,169.98367346938775,66.32244897959184,39
BUL,Bulgaria,1980,151,397,23.143576826196472,174.0771208226221,69.80205655526993,90
BUL,Bulgaria,1988,120,281,23.09608540925267,173.51071428571427,68.57142857142857,41
BUL,Bulgaria,1992,116,236,22.300847457627118,171.31981981981983,66.7688888888889,17
BUL,Bulgaria,1996,89,181,24.093922651933703,172.21787709497207,67.71111111111111,21
BUL,Bulgaria,2000,85,150,25.426666666666666,172.90666666666667,68.67,13
BUL,Bulgaria,2004,94,119,25.42016806722689,175.05882352941177,71.54621848739495,17
BUL,Bulgaria,2008,60,87,26.597701149425287,178.54022988505747,74.45977011494253,5
BUL,Bulgaria,2012,56,75,26.093333333333334,176.62666666666667,69.54666666666667,2
BUL,Bulgaria,2016,51,58,25.82758620689655,174.63793103448276,70.51724137931035,7
BUR,Burkina Faso,1972,1,1,27.0,170.0,67.0,0
BUR,Burkina Faso,1988,7,9,23.833333333333332,176.5,71.0,0
BUR,Burkina Faso,1992,4,4,25.5,189.66666666666666,82.33333333333333,0
BUR,Burkina Faso,1996,5,5,20.4,172.4,68.0,0
BUR,Burkina Faso,2000,4,4,22.25,175.33333333333334,72.66666666666667,0
BUR,Burkina Faso,2004,5,5,28.8,174.0,71.6,0
BUR,Burkina Faso,2008,6,6,27.5,172.0,67.16666666666667,0
BUR,Burkina Faso,2012,5,5,22.8,174.4,68.2,0
BUR,Burkina Faso,2016,5,5,22.6,181.0,84.4,0
CAF,Central African Republic,1984,3,3,23.333333333333332,172.0,62.0,0
CAF,Central African Republic,1988,4,15,25.0,189.13333333333333,80.4,0
CAF,Central African Republic,1992,16,21,23.523809523809526,183.6,72.6,0
CAF,Central African Republic,1996,5,5,25.2,177.2,67.8,0
CAF,Central African Republic,2000,3,3,32.666666666666664,178.0,73.33333333333333,0
CAF,Central African Republic,2004,4,4,26.0,171.75,60.0,0
CAF,Central African Republic,2008,3,3,21.333333333333332,172.5,71.5,0
CAF,Central African Republic,2012,6,6,23.333333333333332,171.2,61.0,0
CAF,Central African Republic,2016,6,6,21.5,169.4,61.6,0
CAM,Cambodia,1964,10,15,23.454545454545453,164.91666666666666,56.0,0
CAM,Cambodia,1972,14,17,23.58823529411765,169.1764705882353,64.76470588235294,0
CAM,Cambodia,1996,5,5,20.8,163.5,58.25,0
CAM,Cambodia,2000,4,4,23.75,167.25,62.75,0
CAM,Cambodia,2004,4,4,20.25,165.5,60.25,0
CAM,Cambodia,2008,4,4,18.0,166.25,58.25,0
CAM,Cambodia,2012,6,6,22.5,169.5,60.5,0
CAM,Cambodia,2016,6,6,29.5,163.5,56.833333333333336,0
CAN,Canada,1900,5,7,25.571428571428573,169.25,64.75,2
CAN,Toronto Argonauts,1904,15,61,25.91111111111111,176.2,75.33333333333333,48
CAN,Canada,1906,4,4,25.0,176.66666666666666,69.33333333333333,2
CAN,Canada,1908,42,148,26.712,178.53846153846155,73.5,52
CAN,Canada,1912,30,60,25.982758620689655,177.73076923076923,75.6,8
CAN,Canada,1920,39,85,26.470588235294116,172.6216216216216,75.78571428571429,16
CAN,Canada,1924,39,83,26.569444444444443,174.8421052631579,80.8,20
CAN,Canada,1928,49,113,24.429906542056074,172.09756097560975,59.85294117647059,33
CAN,Canada,1932,69,191,35.51829268292683,173.45,64.97435897435898,39
CAN,Canada,1936,69,167,24.795031055900623,179.875,69.5625,22
CAN,Canada,1948,83,188,25.952380952380953,181.68421052631578,71.04347826086956,7
CAN,Canada,1952,74,154,23.863636363636363,175.63636363636363,74.58,4
CAN,Canada,1956,84,150,23.911290322580644,176.4318181818182,70.34444444444445,19
CAN,Canada,1960,77,140,23.59285714285714,175.4485294117647,69.54642857142858,9
CAN,Canada,1964,92,194,24.350515463917525,175.93298969072166,71.63917525773196,5
CAN,Canada,1968,124,291,23.97173144876325,174.3275261324042,69.14634146341463,10
CAN,Canada,1972,136,344,23.20991253644315,175.44776119402985,69.20668693009118,11
CAN,Canada,1976,173,531,22.77024482109228,175.66182572614107,69.02282157676349,23
CAN,Canada,1984,193,572,23.659649122807018,175.18894830659536,70.08571428571429,87
CAN,Canada,1988,193,503,24.135188866799204,174.83300198807157,70.01789264413519,23
CAN,Canada,1992,199,445,25.094382022471912,174.9637188208617,70.18906605922551,44
CAN,Canada-2,1996,189,408,26.375,175.2139303482587,69.91044776119404,50
CAN,Canada-2,2000,175,422,25.966824644549764,175.6104513064133,70.43230403800474,31
CAN,Canada,2004,151,391,26.207161125319693,174.09462915601023,69.38618925831202,17
CAN,Canada,2008,185,449,26.514476614699333,175.66592427616928,71.49443207126949,35
CAN,Canada,2012,179,354,26.406779661016948,174.57344632768363,68.94491525423729,55
CAN,Canada,2016,175,405,25.985185185185184,174.54074074074074,68.41191066997519,69
CAY,Cayman Islands,1976,1,2,24.5,177.0,77.0,0
CAY,Cayman Islands,1984,7,14,25.0,178.78571428571428,72.5,0
CAY,Cayman Islands,1988,7,12,22.166666666666668,179.08333333333334,71.33333333333333,0
CAY,Cayman Islands,1992,7,13,26.636363636363637,180.11111111111111,76.0,0
CAY,Cayman Islands,1996,7,9,30.77777777777778,176.33333333333334,69.0,0
CAY,Cayman Islands,2000,4,4,24.0,173.25,66.75,0
CAY,Cayman Islands,2004,8,8,21.75,174.375,72.625,0
CAY,Cayman Islands,2008,6,6,21.833333333333332,185.66666666666666,82.66666666666667,0
CAY,Cayman Islands,2012,5,7,23.285714285714285,187.0,84.14285714285714,0
CAY,Cayman Islands,2016,5,5,23.2,179.4,73.6,0
CGO,Congo (Brazzaville),1964,2,2,21.0,176.5,69.5,0
CGO,Congo (Brazzaville),1972,5,8,21.375,175.28571428571428,68.71428571428571,0
CGO,Congo (Brazzaville),1980,8,25,26.6,175.0,65.8,0
CGO,Congo (Brazzaville),1984,10,13,27.8,173.15384615384616,66.23076923076923,0
CGO,Congo (Brazzaville),1988,7,10,24.3,176.9,66.0,0
CGO,Congo (Brazzaville),1992,7,10,24.3,175.625,69.25,0
CGO,Congo (Brazzaville),1996,5,5,21.6,176.33333333333334,62.333333333333336,0
CGO,Congo (Brazzaville),2000,5,5,22.2,168.25,58.666666666666664,0
CGO,Congo (Brazzaville),2004,5,5,22.0,174.75,80.0,0
CGO,Congo (Brazzaville),2008,5,5,24.0,176.4,69.0,0
CGO,Congo (Brazzaville),2012,6,7,26.142857142857142,172.0,67.85714285714286,0
CGO,Congo (Brazzaville),2016,9,10,24.9,174.88888888888889,82.25,0
CHA,Chad,1964,2,2,21.5,182.0,67.5,0
CHA,Chad,1968,3,4,24.5,180.25,68.0,0
CHA,Chad,1972,4,5,25.0,180.5,79.0,0
CHA,Chad,1984,3,3,28.0,183.66666666666666,76.0,0
CHA,Chad,1988,6,6,23.0,177.5,64.66666666666667,0
CHA,Chad,1992,7,7,22.142857142857142,173.0,63.0,0
CHA,Chad,1996,4,4,21.5,177.5,68.0,0
CHA,Chad,2000,3,3,22.666666666666668,173.33333333333334,59.0,0
CHA,Chad,2004,1,1,27.0,170.0,59.0,0
CHA,Chad,2008,2,2,22.5,172.5,60.0,0
CHA,Chad,2012,2,2,18.0,170.0,65.0,0
CHA,Chad,2016,2,2,23.5,173.0,51.5,0
CHI,Chile,1920,2,2,27.0,168.0,73.0,0
CHI,Chile,1924,12,18,24.125,171.0,61.0,0
CHI,Chile,1928,22,46,25.31578947368421,174.88888888888889,71.66666666666667,1
CHI,Mainz,1936,27,56,27.071428571428573,178.28571428571428,78.28571428571429,0
CHI,Chile,1948,31,72,25.791666666666668,177.73076923076923,69.0,0
CHI,Chile,1952,33,82,27.064102564102566,182.6818181818182,74.93333333333334,4
CHI,Chile,1956,22,43,27.37037037037037,173.93333333333334,73.3076923076923,4
CHI,Chile,1960,8,9,27.22222222222222,173.0,67.88888888888889,0
CHI,Chile,1964,13,16,27.75,176.3125,70.6875,0
CHI,Chile,1968,19,25,29.4,172.38095238095238,69.85714285714286,0
CHI,Chile,1972,9,13,27.53846153846154,168.0,65.1,0
CHI,Chile,1976,8,9,27.77777777777778,174.22222222222223,69.44444444444444,0
CHI,Chile,1984,25,64,26.40625,175.82608695652175,70.13636363636364,0
CHI,Chile,1988,14,23,26.782608695652176,179.0,77.91304347826087,1
CHI,Chile,1992,12,15,27.066666666666666,172.91666666666666,72.91666666666667,0
CHI,Chile,1996,18,24,23.5,173.88888888888889,72.77777777777777,0
CHI,Chile,2000,28,58,25.93103448275862,176.3684210526316,70.85964912280701,17
CHI,Chile,2004,25,29,26.0,177.55172413793105,76.65517241379311,4
CHI,Chile,2008,26,29,27.0,175.72413793103448,74.55172413793103,1
CHI,Chile,2012,36,44,29.84090909090909,172.72727272727272,69.6590909090909,0
CHI,Chile,2016,36,47,27.148936170212767,172.6595744680851,66.97872340425532,0
CHN,China,1936,27,65,23.553846153846155,171.75,65.25,0
CHN,China,1984,105,323,22.095975232198143,172.07430340557275,65.70588235294117,74
CHN,China,1988,150,427,22.47775175644028,171.2599531615925,65.41217798594847,52
CHN,China,1992,144,394,22.071065989847718,170.85714285714286,64.97186700767263,82
CHN,China,1996,155,438,22.1324200913242,170.42660550458714,65.31192660550458,106
CHN,China,2000,163,414,22.55072463768116,171.0,64.70289855072464,79
CHN,China,2004,204,518,22.98069498069498,172.8127413127413,66.36583011583012,94
CHN,China,2008,257,730,23.92054794520548,176.00827586206896,69.90344827586208,184
CHN,China,2012,206,479,23.958246346555324,175.44050104384132,68.62630480167014,125
CHN,China,2016,209,499,23.971943887775552,175.0,67.9559118236473,113
CIV,Cote d'Ivoire,1964,10,10,24.875,178.7,72.8,0
CIV,Cote d'Ivoire,1968,7,11,26.77777777777778,177.0909090909091,73.18181818181819,0
CIV,Cote d'Ivoire,1972,7,13,28.2,174.23076923076923,72.61538461538461,0
CIV,Cote d'Ivoire,1976,8,11,20.333333333333332,175.44444444444446,69.22222222222223,0
CIV,Cote d'Ivoire,1984,14,18,24.142857142857142,175.92857142857142,69.71428571428571,1
CIV,Cote d'Ivoire,1988,10,29,23.137931034482758,174.25,66.75,0
CIV,Cote d'Ivoire,1992,11,18,23.72222222222222,175.64285714285714,70.92857142857143,0
CIV,Cote d'Ivoire,1996,8,13,23.53846153846154,184.72727272727272,83.72727272727273,0
CIV,Cote d'Ivoire,2000,12,18,23.61111111111111,174.58823529411765,72.05882352941177,0
CIV,Cote d'Ivoire,2004,5,5,24.2,172.8,66.6,0
CIV,Cote d'Ivoire,2008,7,22,24.136363636363637,178.5909090909091,72.63636363636364,0
CIV,Cote d'Ivoire,2012,10,10,23.7,173.0,65.9,0
CIV,Cote d'Ivoire,2016,12,15,26.066666666666666,175.46666666666667,68.64285714285714,2
CMR,Cameroon,1964,2,2,22.0,175.0,71.0,0
CMR,Cameroon,1968,5,5,24.8,169.8,66.4,1
CMR,Cameroon,1972,12,18,23.166666666666668,175.0625,69.25,0
CMR,Cameroon,1976,1,4,23.75,174.0,68.5,0
CMR,Cameroon,1980,23,29,25.037037037037038,174.04,73.42307692307692,0
CMR,Cameroon,1984,32,56,26.102040816326532,176.0,74.32142857142857,1
CMR,Cameroon,1988,21,21,23.36842105263158,173.47619047619048,78.66666666666667,0
CMR,Cameroon,1992,9,12,24.0,168.63636363636363,64.25,0
CMR,Cameroon,1996,13,19,24.210526315789473,172.52941176470588,65.58823529411765,0
CMR,Cameroon,2000,14,39,22.41025641025641,174.9189189189189,69.14285714285714,18
CMR,Cameroon,2004,15,19,24.157894736842106,174.21052631578948,72.10526315789474,1
CMR,Cameroon,2008,16,32,23.25,175.86206896551724,72.65517241379311,1
CMR,Cameroon,2012,16,32,24.15625,168.25806451612902,69.12903225806451,0
CMR,Cameroon,2016,13,22,26.636363636363637,173.86363636363637,72.4090909090909,0
COD,Congo (Kinshasa),1968,2,8,21.625,171.0,68.25,0
COD,Congo (Kinshasa),1984,9,9,23.333333333333332,166.0,64.33333333333333,0
COD,Congo (Kinshasa),1988,15,21,23.61904761904762,174.44444444444446,67.76923076923077,0
COD,Congo (Kinshasa),1992,14,19,24.526315789473685,176.5,67.0,0
COD,Congo (Kinshasa),1996,2,14,25.785714285714285,181.23076923076923,70.6923076923077,0
COD,Congo (Kinshasa),2000,3,3,24.666666666666668,176.0,63.0,0
COD,Congo (Kinshasa),2004,4,6,20.833333333333332,173.33333333333334,65.0,0
COD,Congo (Kinshasa),2008,5,5,27.4,177.33333333333334,74.33333333333333,0
COD,Congo (Kinshasa),2012,4,4,23.25,177.75,87.25,0
COD,Congo (Kinshasa),2016,4,4,24.0,163.0,57.0,0
COK,Cook Islands,1988,8,8,23.0,172.0,66.875,0
COK,Cook Islands,1992,2,2,22.5,172.5,86.5,0
COK,Cook Islands,1996,3,3,26.333333333333332,174.33333333333334,79.0,0
COK,Cook Islands,2000,2,2,24.0,181.5,74.5,0
COK,Cook Islands,2004,3,3,26.333333333333332,170.33333333333334,87.66666666666667,0
COK,Cook Islands,2008,4,4,22.0,170.0,108.5,0
COK,Cook Islands,2012,9,9,20.11111111111111,166.33333333333334,78.33333333333333,0
COK,Cook Islands,2016,9,9,23.333333333333332,172.66666666666666,73.0,0
COL,Colombia,1948,6,11,24.5,170.0,63.0,0
COL,Colombia,1956,23,47,28.318181818181817,173.375,66.91176470588235,0
COL,Colombia,1960,13,23,27.130434782608695,169.95454545454547,65.67391304347827,0
COL,Colombia,1964,19,40,27.875,171.975,66.875,0
COL,Colombia,1968,33,70,19.483870967741936,170.47142857142856,66.18571428571428,0
COL,Colombia,1972,39,75,23.08,165.1891891891892,62.68055555555556,3
COL,Colombia,1976,30,44,23.636363636363637,164.13953488372093,61.81395348837209,0
COL,Colombia,1980,7,28,25.0,174.03571428571428,70.78571428571429,0
COL,Colombia,1984,34,48,25.1875,170.7906976744186,64.35897435897436,1
COL,Colombia,1988,34,57,24.94736842105263,169.85714285714286,63.228070175438596,1
COL,Colombia,1992,31,61,24.37704918032787,174.72727272727272,67.61842105263158,1
COL,Colombia,1996,44,62,25.838709677419356,170.10416666666666,64.25490196078431,0
COL,Colombia,2000,45,54,25.75925925925926,170.46296296296296,64.54629629629629,1
COL,Colombia,2004,59,71,25.64788732394366,170.07246376811594,65.73188405797102,2
COL,Colombia,2008,74,90,24.92222222222222,170.51111111111112,66.65555555555555,2
COL,Colombia,2012,81,120,25.316666666666666,170.0,63.7304347826087,8
COL,Colombia,2016,85,157,25.808917197452228,169.72611464968153,64.56050955414013,8
COM,Comoros,1996,4,4,21.0,178.33333333333334,62.333333333333336,0
COM,Comoros,2000,2,2,19.5,172.5,60.0,0
COM,Comoros,2004,3,3,27.666666666666668,175.5,66.66666666666667,0
COM,Comoros,2008,3,3,21.666666666666668,160.0,50.0,0
COM,Comoros,2012,3,3,21.333333333333332,166.0,53.333333333333336,0
COM,Comoros,2016,4,4,21.75,168.5,60.5,0
CPV,Cape Verde,1996,3,3,29.666666666666668,172.33333333333334,62.333333333333336,0
CPV,Cape Verde,2000,2,2,31.5,168.5,57.0,0
CPV,Cape Verde,2004,3,3,27.333333333333332,180.33333333333334,69.33333333333333,0
CPV,Cape Verde,2008,2,2,25.5,175.5,66.0,0
CPV,Cape Verde,2012,3,3,22.333333333333332,177.33333333333334,79.33333333333333,0
CPV,Cape Verde,2016,5,5,22.6,177.6,63.5,0
CRC,Costa Rica,1964,1,2,36.5,163.0,78.0,0
CRC,Costa Rica,1968,18,27,27.74074074074074,170.92592592592592,69.37037037037037,0
CRC,Costa Rica,1972,4,4,31.75,173.5,73.5,0
CRC,Costa Rica,1976,9,10,24.0,170.1,60.9,0
CRC,Costa Rica,1980,18,37,23.823529411764707,174.62857142857143,67.45714285714286,0
CRC,Costa Rica,1984,16,32,24.8125,174.16666666666666,65.16666666666667,0
CRC,Costa Rica,1988,18,33,20.696969696969695,174.28125,67.15625,1
CRC,Costa Rica,1992,18,20,26.8,176.7,65.0,0
CRC,Costa Rica,1996,13,13,24.846153846153847,175.5,67.5,1
CRC,Costa Rica,2000,9,9,25.333333333333332,178.88888888888889,70.33333333333333,2
CRC,Costa Rica,2004,8,21,24.666666666666668,177.04761904761904,72.61904761904762,0
CRC,Costa Rica,2008,8,8,24.5,175.25,72.25,0
CRC,Costa Rica,2012,11,11,26.181818181818183,175.27272727272728,66.9090909090909,0
CRC,Costa Rica,2016,11,12,27.833333333333332,173.0909090909091,68.63636363636364,0
CRO,Croatia,1992,23,46,24.67391304347826,188.94117647058823,85.41176470588235,15
CRO,Croatia,1996,57,117,24.64957264957265,186.94565217391303,84.1086956521739,28
CRO,Croatia,2000,53,108,24.47222222222222,185.1851851851852,80.86111111111111,10
CRO,Croatia,2004,57,100,25.9,186.19,84.71,21
CRO,Croatia,2008,66,125,25.904,185.496,83.08,5
CRO,Croatia,2012,53,118,27.135593220338983,183.22608695652173,81.08695652173913,35
CRO,Croatia,2016,47,93,27.043010752688172,185.95698924731184,85.0,24
CUB,Cuba,1904,5,6,24.833333333333332,155.0,43.0,5
CUB,Cuba,1928,1,1,24.0,181.0,70.0,0
CUB,Cuba,1948,31,112,24.669642857142858,169.22222222222223,73.95454545454545,2
CUB,Cuba,1952,23,57,26.12280701754386,173.0,74.36111111111111,0
CUB,Cuba,1956,16,24,24.652173913043477,176.5,73.25,0
CUB,Cuba,1960,15,21,20.38095238095238,164.1,57.285714285714285,0
CUB,Cuba,1964,24,76,21.69736842105263,170.6184210526316,65.36842105263158,1
CUB,Cuba,1968,78,227,21.519823788546255,168.97356828193833,66.51541850220265,10
CUB,Cuba,1972,69,201,22.263681592039802,173.58,71.525,22
CUB,Cuba,1976,76,194,23.54639175257732,176.84455958549222,74.02920962199313,24
CUB,Cuba,1980,92,288,23.73263888888889,176.49128919860627,74.39583333333333,20
CUB,Cuba,1992,90,196,24.790816326530614,177.2980132450331,77.20253164556962,69
CUB,Cuba,1996,84,178,25.679775280898877,178.64044943820224,76.90168539325843,55
CUB,Cuba,2000,135,271,26.542435424354245,176.6,74.9962962962963,65
CUB,Cuba,2004,108,177,26.028248587570623,173.99435028248587,73.5225988700565,62
CUB,Cuba,2008,102,171,25.60233918128655,176.12280701754386,74.60233918128655,47
CUB,Cuba,2012,86,118,25.35593220338983,173.91860465116278,73.02247191011236,14
CUB,Cuba,2016,99,143,24.545454545454547,174.74825174825176,72.77622377622377,11
CYP,Cyprus,1980,13,15,23.4,175.13333333333333,71.8,0
CYP,Cyprus,1984,9,12,30.0,175.33333333333334,69.41666666666667,0
CYP,Cyprus,1988,10,11,27.363636363636363,173.72727272727272,64.18181818181819,0
CYP,Cyprus,1992,17,19,24.36842105263158,180.4,77.3,0
CYP,Cyprus,1996,16,24,24.041666666666668,179.25,79.1,0
CYP,Cyprus,2000,20,24,25.208333333333332,179.6086956521739,71.30434782608695,0
CYP,Cyprus,2004,20,21,25.19047619047619,176.42857142857142,70.80952380952381,0
CYP,Cyprus,2008,17,18,24.5,173.88235294117646,66.27777777777777,0
CYP,Cyprus,2012,12,13,25.76923076923077,178.0,73.53846153846153,1
CYP,Cyprus,2016,19,21,24.476190476190474,175.8095238095238,68.23809523809524,0
CZE,Czech Republic,1996,110,169,24.85207100591716,177.71428571428572,72.79761904761905,13
CZE,Czech Republic,2000,96,162,25.234567901234566,179.2716049382716,75.74691358024691,9
CZE,Czech Republic,2004,104,171,26.46783625730994,180.57309941520467,75.05263157894737,13
CZE,Czech Republic,2008,105,158,26.056962025316455,180.4746835443038,75.75949367088607,7
CZE,Czech Republic,2012,99,159,26.80503144654088,179.52830188679246,74.46540880503144,14
CZE,Czech Republic,2016,92,135,26.962962962962962,180.0962962962963,74.47407407407407,15
DEN,Denmark,1908,27,107,25.5,168.33333333333334,75.75,17
DEN,Denmark,1912,46,233,27.012875536480685,171.4,68.5,87
DEN,Denmark,1928,55,122,29.278688524590162,169.63636363636363,60.0,15
DEN,Denmark,1932,34,94,38.319148936170215,168.61363636363637,51.0,11
DEN,Denmark,1936,71,173,25.572254335260116,168.0,51.0,6
DEN,Denmark,1948,83,253,28.76284584980237,172.38888888888889,70.5625,51
DEN,Denmark,1952,73,201,28.18407960199005,177.8181818181818,74.14285714285714,9
DEN,Denmark,1956,29,51,30.705882352941178,179.625,75.375,6
DEN,Denmark,1960,46,109,25.422018348623855,176.01904761904763,70.67619047619047,23
DEN,Denmark,1964,40,71,24.056338028169016,177.42253521126761,72.56338028169014,12
DEN,Denmark,1968,53,93,26.096774193548388,176.49462365591398,71.46236559139786,17
DEN,Denmark,1972,73,155,26.348387096774193,180.61290322580646,75.03973509933775,1
DEN,Denmark,1976,40,81,26.814814814814813,177.4814814814815,71.8875,8
DEN,Denmark,1980,30,60,26.616666666666667,181.86666666666667,78.68333333333334,8
DEN,Denmark,1984,33,74,25.10810810810811,182.54054054054055,77.95945945945945,13
DEN,Denmark,1988,73,130,23.869230769230768,181.2923076923077,73.73846153846154,7
DEN,Denmark,1992,67,144,24.95138888888889,181.3827160493827,74.5609756097561,14
DEN,Denmark,1996,66,145,25.786206896551725,179.75,71.95348837209302,23
DEN,Denmark,2000,55,124,27.782258064516128,179.75806451612902,73.16935483870968,25
DEN,Denmark,2004,59,115,27.36521739130435,178.89565217391305,71.10434782608695,29
DEN,Digby,2008,62,108,26.51851851851852,183.07407407407408,77.5925925925926,19
DEN,Denmark,2012,69,149,26.892617449664428,180.5234899328859,74.94594594594595,16
DEN,Denmark,2016,67,143,26.3986013986014,180.94405594405595,74.7062937062937,41
DJI,Djibouti,1984,1,3,26.0,175.66666666666666,58.666666666666664,0
DJI,Djibouti,1988,5,6,24.166666666666668,170.66666666666666,53.833333333333336,1
DJI,Djibouti,1992,7,8,25.857142857142858,174.66666666666666,58.166666666666664,0
DJI,Djibouti,1996,4,5,32.4,174.25,60.25,0
DJI,Djibouti,2000,2,2,25.0,164.0,55.0,0
DJI,Djibouti,2012,4,4,19.5,173.5,61.5,0
DJI,Djibouti,2016,7,8,21.875,175.625,61.75,0
DMA,Dominica,1996,6,6,27.333333333333332,171.6,64.8,0
DMA,Dominica,2000,4,4,22.25,176.75,66.25,0
DMA,Dominica,2004,2,2,22.0,171.5,63.5,0
DMA,Dominica,2008,2,2,25.0,175.5,73.0,0
DMA,Dominica,2012,2,2,21.5,174.0,61.5,0
DMA,Dominica,2016,2,2,25.0,179.0,74.0,0
DOM,Dominican Republic,1964,1,1,30.0,173.0,67.0,0
DOM,Dominican Republic,1968,16,24,26.125,167.83333333333334,68.83333333333333,0
DOM,Dominican Republic,1972,4,5,29.4,165.8,78.8,0
DOM,Dominican Republic,1976,10,11,20.818181818181817,166.9090909090909,56.72727272727273,0
DOM,Dominican Republic,1980,7,7,21.833333333333332,173.8,69.71428571428571,0
DOM,Dominican Republic,1984,20,24,23.818181818181817,172.71428571428572,70.71428571428571,1
DOM,Dominican Republic,1988,15,18,24.833333333333332,170.85714285714286,74.72727272727273,0
DOM,Dominican Republic,1992,13,32,22.806451612903224,159.33333333333334,58.75,0
DOM,Dominican Republic,1996,16,16,23.5,173.54545454545453,64.76923076923077,0
DOM,Dominican Republic,2000,13,13,23.0,178.41666666666666,80.65384615384616,0
DOM,Dominican Republic,2004,22,33,24.424242424242426,177.75757575757575,70.10606060606061,1
DOM,Dominican Republic,2008,21,27,25.40740740740741,167.2962962962963,66.33333333333333,2
DOM,Dominican Republic,2012,21,36,24.5,174.55555555555554,64.21212121212122,2
DOM,Dominican Republic,2016,22,30,25.666666666666668,172.5,63.8,1
ECU,Ecuador,1968,21,41,21.73170731707317,170.53658536585365,66.58536585365853,0
ECU,Ecuador,1972,4,4,18.5,176.5,60.75,0
ECU,Ecuador,1976,8,8,21.375,176.28571428571428,72.71428571428571,0
ECU,Ecuador,1980,13,16,19.846153846153847,174.15384615384616,68.07692307692308,0
ECU,Ecuador,1984,14,15,28.133333333333333,172.06666666666666,71.86666666666666,0
ECU,Ecuador,1988,15,15,26.066666666666666,170.0,64.93333333333334,0
ECU,Ecuador,1992,15,15,26.0,162.63636363636363,57.9,0
ECU,Ecuador,1996,18,28,24.142857142857142,176.04545454545453,72.0909090909091,1
ECU,Ecuador,2000,11,11,27.727272727272727,171.36363636363637,73.27272727272727,0
ECU,Ecuador,2004,15,18,27.944444444444443,170.05555555555554,65.88888888888889,0
ECU,Ecuador,2008,23,26,26.153846153846153,170.3846153846154,66.61538461538461,1
ECU,Ecuador,2012,34,36,24.97222222222222,171.22222222222223,66.33333333333333,0
ECU,Ecuador,2016,29,40,27.525,169.925,65.17948717948718,0
EGY,Egypt,1928,14,43,25.846153846153847,172.0,86.5,4
EGY,Egypt,1936,30,66,24.076923076923077,171.33333333333334,73.27272727272727,5
EGY,Egypt,1964,35,83,25.373493975903614,178.8,75.85,0
EGY,Egypt,1968,18,35,25.823529411764707,175.7826086956522,74.375,0
EGY,Egypt,1972,16,26,23.46153846153846,175.34615384615384,71.42307692307692,0
EGY,Egypt,1976,7,26,24.692307692307693,183.19230769230768,74.15384615384616,0
EGY,Egypt,1984,74,148,24.204225352112676,178.36290322580646,77.868,1
EGY,Egypt,1988,36,59,23.661016949152543,181.79310344827587,81.6864406779661,0
EGY,Egypt,1992,32,83,23.759036144578314,178.72413793103448,80.421875,0
EGY,Egypt,1996,17,33,24.78787878787879,186.5,88.56521739130434,0
EGY,Egypt,2000,64,103,24.66990291262136,180.77227722772278,79.66336633663366,0
EGY,Egypt,2004,48,104,25.01923076923077,178.96153846153845,78.89423076923077,5
EGY,Egypt,2008,68,116,24.913793103448278,178.10714285714286,76.29069767441861,1
EGY,Egypt,2012,87,132,24.083333333333332,173.35114503816794,70.86923076923077,2
EGY,Egypt,2016,87,137,24.532846715328468,176.84328358208955,75.03731343283582,3
ERI,Eritrea,2000,3,3,21.666666666666668,167.66666666666666,53.0,0
ERI,Eritrea,2004,3,5,23.2,162.6,51.8,1
ERI,Eritrea,2008,6,11,25.0,168.27272727272728,54.81818181818182,0
ERI,Eritrea,2012,7,12,24.166666666666668,174.08333333333334,59.583333333333336,0
ERI,Eritrea,2016,6,12,26.25,172.0,56.333333333333336,0
ESA,El Salvador,1968,48,104,21.875,170.13953488372093,61.627906976744185,0
ESA,El Salvador,1972,12,18,30.8,172.875,71.0,0
ESA,El Salvador,1984,15,15,21.933333333333334,170.64285714285714,67.14285714285714,0
ESA,El Salvador,1988,7,7,23.714285714285715,166.28571428571428,61.285714285714285,0
ESA,El Salvador,1992,6,6,19.833333333333332,181.5,86.0,0
ESA,El Salvador,1996,10,10,24.7,171.33333333333334,62.714285714285715,0
ESA,El Salvador,2000,10,10,24.5,170.1,64.3,0
ESA,El Salvador,2004,9,9,23.666666666666668,164.55555555555554,60.44444444444444,0
ESA,El Salvador,2008,14,14,25.214285714285715,166.28571428571428,61.357142857142854,0
ESA,El Salvador,2012,11,11,23.272727272727273,169.27272727272728,65.0909090909091,0
ESA,El Salvador,2016,10,10,22.5,167.16666666666666,64.16666666666667,0
ESP,Spain,1920,29,111,28.0188679245283,177.16666666666666,70.66666666666667,23
ESP,Spain,1924,44,151,26.03731343283582,177.5,69.6,0
ESP,Spain,1928,34,106,26.66304347826087,176.0,55.0,3
ESP,Spain,1948,37,84,29.80263157894737,173.84615384615384,75.0,3
ESP,Spain,1952,21,42,28.333333333333332,173.6,76.4,1
ESP,Spain,1956,4,12,38.166666666666664,175.0,73.5,0
ESP,Spain,1960,83,238,24.58823529411765,175.12987012987014,72.07051282051282,14
ESP,Spain,1964,35,67,23.925373134328357,173.46268656716418,68.95522388059702,0
ESP,Spain,1968,50,137,23.919117647058822,176.58064516129033,72.12096774193549,0
ESP,Spain,1972,59,162,24.633540372670808,174.7,72.66666666666667,1
ESP,Spain,1976,68,160,22.9625,171.76923076923077,68.47435897435898,6
ESP,Spain,1980,75,211,23.00473933649289,176.88571428571427,71.87619047619047,24
ESP,Spain,1984,104,257,23.455252918287936,174.45525291828793,68.85603112840467,19
ESP,Spain,1988,130,317,23.757097791798106,175.4858044164038,69.3042071197411,5
ESP,Spain,1992,195,537,24.292364990689013,177.42618384401115,71.43352601156069,69
ESP,Spain,1996,157,384,25.065104166666668,173.68601583113457,67.28835978835978,66
ESP,Spain,2000,165,431,25.617169373549885,173.87238979118328,68.17749419953596,42
ESP,Spain,2004,155,423,25.988179669030732,173.5177304964539,68.64893617021276,30
ESP,Spain,2008,147,355,26.664788732394367,175.47605633802817,70.23661971830985,70
ESP,Spain,2012,135,339,26.492625368731563,176.30678466076697,70.92159763313609,63
ESP,Spain,2016,146,363,27.650137741046834,176.42699724517905,71.10497237569061,45
EST,Estonia,1920,19,20,25.45,173.58333333333334,71.71428571428571,3
EST,Estonia,1924,26,47,23.851063829787233,173.62962962962962,71.39393939393939,6
EST,Tutti V,1928,19,23,25.956521739130434,174.5,80.28571428571429,9
EST,Estonia,1932,3,3,29.666666666666668,170.33333333333334,66.0,0
EST,Brandenburg,1936,29,36,25.083333333333332,181.33333333333334,82.9,7
EST,Estonia,1992,35,46,24.065217391304348,182.80434782608697,80.52173913043478,3
EST,Estonia,1996,36,52,27.403846153846153,183.3653846153846,81.73076923076923,0
EST,Estonia,2000,29,41,27.5609756097561,185.4390243902439,84.48780487804878,3
EST,Estonia,2004,34,45,25.88888888888889,183.84444444444443,82.84444444444445,3
EST,Estonia,2008,42,53,25.0188679245283,183.8490566037736,82.0377358490566,3
EST,Estonia,2012,30,36,27.305555555555557,182.97222222222223,85.0,2
EST,Estonia,2016,31,49,27.53061224489796,180.0,78.04081632653062,4
ETH,Ethiopia,1956,10,30,22.055555555555557,168.8,60.9,0
ETH,Ethiopia,1960,8,15,26.8,172.66666666666666,63.6,1
ETH,Ethiopia,1964,11,19,24.63157894736842,170.8421052631579,60.526315789473685,1
ETH,Ethiopia,1968,13,26,26.653846153846153,173.57692307692307,60.07692307692308,2
ETH,Ethiopia,1972,20,40,26.4,174.3,60.85,2
ETH,Ethiopia,1980,26,48,25.541666666666668,173.0,59.083333333333336,4
ETH,Ethiopia,1992,11,24,21.72222222222222,167.27272727272728,56.54545454545455,3
ETH,Ethiopia,1996,10,19,22.94736842105263,165.41176470588235,53.31578947368421,3
ETH,Ethiopia,2000,11,27,22.925925925925927,167.25925925925927,53.2962962962963,8
ETH,Ethiopia,2004,12,27,22.925925925925927,166.8148148148148,52.22222222222222,7
ETH,Ethiopia,2008,10,29,23.862068965517242,166.06896551724137,51.89655172413793,7
ETH,Ethiopia,2012,14,34,23.823529411764707,170.78787878787878,54.81818181818182,7
ETH,Ethiopia,2016,16,38,23.42105263157895,170.0,55.729729729729726,8
EUN,Unified Team,1992,234,650,24.366306027820713,177.7126213592233,73.76685934489403,220
FIJ,Fiji,1956,4,5,21.0,192.0,88.0,0
FIJ,Fiji,1960,3,3,24.666666666666668,188.0,81.33333333333333,0
FIJ,Fiji,1972,4,4,23.5,167.75,64.5,0
FIJ,Fiji,1976,5,5,24.0,167.0,56.0,0
FIJ,Fiji,1984,22,26,25.23076923076923,177.69230769230768,74.42307692307692,0
FIJ,Fiji,1988,31,41,23.975609756097562,176.46341463414635,70.02439024390245,0
FIJ,Fiji,1992,32,36,22.77777777777778,178.68965517241378,76.27586206896552,0
FIJ,Fiji,1996,14,21,23.80952380952381,177.47058823529412,78.38888888888889,0
FIJ,Fiji,2000,9,9,24.555555555555557,176.22222222222223,79.66666666666667,0
FIJ,Fiji,2004,9,9,26.88888888888889,177.77777777777777,79.0,0
FIJ,Fiji,2008,6,6,30.833333333333332,181.0,76.66666666666667,0
FIJ,Fiji,2012,9,9,25.11111111111111,175.55555555555554,80.0,0
FIJ,Fiji,2016,14,53,24.88679245283019,177.59574468085106,80.49019607843137,13
FIN,Finland,1906,11,18,27.61111111111111,180.85714285714286,92.85714285714286,4
FIN,Finland,1908,23,94,24.49462365591398,180.0,80.8409090909091,30
FIN,Finland,1912,49,233,27.120171673819744,176.27586206896552,73.58333333333333,71
FIN,Finland,1920,51,136,31.88235294117647,176.1290322580645,73.41935483870968,52
FIN,Finland,1924,69,253,29.07905138339921,176.01030927835052,71.08421052631579,52
FIN,Finland,1928,48,132,24.03787878787879,173.43055555555554,67.82857142857142,25
FIN,Finland,1932,36,66,25.151515151515152,173.90740740740742,68.5,29
FIN,Lynn,1936,70,186,26.666666666666668,173.82474226804123,68.4494382022472,27
FIN,Finland,1948,84,215,31.683720930232557,175.88990825688074,70.07142857142857,33
FIN,Finland,1952,139,412,26.77912621359223,173.91872791519435,68.20430107526882,40
FIN,Finland,1956,67,147,27.020408163265305,175.325,71.1625,26
FIN,Bella,1960,92,219,25.442922374429223,174.2283105022831,68.34246575342466,6
FIN,Finland,1964,64,151,25.927152317880793,176.88741721854305,71.54966887417218,5
FIN,Finland,1968,61,126,25.08730158730159,173.95238095238096,70.82936507936508,4
FIN,Finland,1972,75,133,26.94736842105263,177.25563909774436,74.71428571428571,10
FIN,Finland,1976,63,108,26.537037037037038,180.32407407407408,77.11111111111111,6
FIN,Finland,1980,71,125,25.776,179.376,75.104,9
FIN,Finland,1984,76,107,26.476635514018692,178.29906542056074,73.23364485981308,12
FIN,Finland,1988,66,101,27.702970297029704,177.36633663366337,74.66336633663366,4
FIN,Finland,1992,85,130,25.484615384615385,178.1076923076923,73.73076923076923,7
FIN,Finland,1996,74,105,26.02857142857143,177.81730769230768,73.78365384615384,4
FIN,Finland,2000,64,88,26.21590909090909,176.64772727272728,73.55681818181819,5
FIN,Finland,2004,53,67,27.328358208955223,179.4179104477612,78.41791044776119,2
FIN,Finland,2008,55,70,27.34285714285714,177.65714285714284,75.4,5
FIN,Finland,2012,61,69,27.47826086956522,175.04347826086956,69.27536231884058,5
FIN,Finland,2016,55,67,26.432835820895523,176.0909090909091,70.54545454545455,1
FRA,France,1900,81,1071,30.633474576271187,169.61904761904762,68.0,235
FRA,France,1906,51,174,33.16279069767442,172.28,68.6,64
FRA,France-1,1908,54,319,28.797687861271676,174.77777777777777,71.25,40
FRA,France,1912,66,232,30.882608695652173,174.42,77.23529411764706,26
FRA,France,1920,113,452,31.227138643067846,171.8409090909091,69.86206896551724,141
FRA,France,1924,128,636,31.29835390946502,172.56976744186048,72.85714285714286,110
FRA,France,1928,112,422,31.6996336996337,173.28846153846155,72.46938775510205,50
FRA,France,1932,57,159,37.193333333333335,173.23809523809524,76.37037037037037,40
FRA,France,1936,100,303,27.046204620462046,175.78125,73.86206896551724,44
FRA,France,1948,135,433,28.727272727272727,176.15,72.31651376146789,72
FRA,France,1952,131,408,26.80246913580247,176.3728813559322,71.76262626262626,40
FRA,France,1956,101,227,26.877551020408163,175.55652173913043,71.10747663551402,33
FRA,France,1960,120,363,25.818181818181817,172.53994490358127,68.62947658402204,12
FRA,France,1964,89,214,24.77102803738318,174.80861244019138,69.68069306930693,31
FRA,France,1968,107,311,24.231511254019292,173.63225806451612,68.60645161290323,27
FRA,France,1972,132,356,24.36338028169014,175.442996742671,70.61794019933555,22
FRA,France,1976,128,302,24.5364238410596,174.25838926174498,68.44630872483222,20
FRA,France,1980,85,200,23.695,175.89,68.88,29
FRA,France,1984,139,354,24.30225988700565,176.52011494252875,69.18343195266272,67
FRA,France,1988,167,413,24.50485436893204,176.1864406779661,68.83777239709443,29
FRA,France,1992,196,486,25.51440329218107,176.02057613168725,69.47325102880659,57
FRA,France,1996,183,453,25.32450331125828,174.51434878587196,67.1832229580574,51
FRA,France,2000,196,470,26.014893617021276,176.22127659574468,69.49787234042553,66
FRA,France,2004,193,461,26.15835140997831,176.14316702819957,69.19088937093275,53
FRA,France,2008,205,448,26.368303571428573,177.00448430493273,69.93497757847534,77
FRA,France,2012,188,426,26.62676056338028,177.42688679245282,70.78301886792453,82
FRA,France,2016,202,512,27.107421875,177.896484375,72.38747553816047,96
FRG,West Germany,1968,154,432,24.944444444444443,176.69212962962962,72.59837962962963,51
FRG,West Germany,1972,183,587,24.597955706984667,177.18568994889267,71.77086882453152,102
FRG,West Germany,1976,163,452,24.168141592920353,177.11845102505694,71.17312072892939,78
FRG,West Germany,1984,194,571,23.889667250437828,178.7460595446585,72.1506129597198,158
FRG,West Germany,1988,194,516,24.732558139534884,179.53875968992247,73.21511627906976,115
FSM,Federated States of Micronesia,2000,5,5,22.0,157.25,53.0,0
FSM,Federated States of Micronesia,2004,5,5,22.6,164.0,58.4,0
FSM,Federated States of Micronesia,2008,5,5,22.6,163.2,62.4,0
FSM,Federated States of Micronesia,2012,6,6,27.5,165.5,64.16666666666667,0
FSM,Federated States of Micronesia,2016,5,5,23.8,154.6,64.0,0
GAB,Gabon,1972,1,1,33.0,169.0,57.0,0
GAB,Gabon,1984,4,4,21.25,167.5,65.25,0
GAB,Gabon,1988,2,2,21.5,164.0,57.0,0
GAB,Gabon,1992,5,5,23.8,175.0,69.0,0
GAB,Gabon,1996,6,9,27.11111111111111,171.11111111111111,65.77777777777777,0
GAB,Gabon,2000,6,6,27.5,174.0,80.33333333333333,0
GAB,Gabon,2004,5,5,24.0,169.4,69.6,0
GAB,Gabon,2008,4,4,25.5,168.5,64.5,0
GAB,Gabon,2012,7,21,21.857142857142858,172.76190476190476,71.57142857142857,1
GAB,Gabon,2016,6,6,26.5,174.16666666666666,75.33333333333333,0
GAM,Gambia,1984,9,16,25.0,170.9375,65.8,0
GAM,Gambia,1988,6,6,23.5,170.33333333333334,69.83333333333333,0
GAM,Gambia,1992,5,8,23.625,171.0,62.0,0
GAM,Gambia,1996,6,12,22.833333333333332,170.875,63.0,0
GAM,Gambia,2000,2,2,22.0,165.0,55.5,0
GAM,Gambia,2004,3,3,22.0,181.66666666666666,65.33333333333333,0
GAM,Gambia,2008,3,3,21.333333333333332,167.0,77.5,0
GAM,Gambia,2012,2,2,22.0,156.0,68.0,0
GBR,Great Britain,1896,19,25,26.526315789473685,188.0,102.0,9
GBR,Upton Park FC,1900,39,146,29.504504504504503,182.33333333333334,84.44444444444444,108
GBR,Great Britain,1904,4,6,28.0,187.0,80.5,2
GBR,Great Britain,1906,42,113,28.54639175257732,178.62962962962962,72.66666666666667,39
GBR,Great Britain,1908,108,972,30.055141579731742,173.6829268292683,76.03418803418803,368
GBR,Great Britain,1912,79,461,29.478935698447895,174.7872340425532,73.25531914893617,170
GBR,Great Britain,1920,84,345,30.387900355871885,176.58490566037736,75.11904761904762,111
GBR,Great Britain,1924,115,428,29.213333333333335,176.95744680851064,70.95,64
GBR,Great Britain,1928,84,354,32.42238267148014,177.0857142857143,71.29629629629629,58
GBR,Great Britain,1932,50,170,34.160493827160494,174.14,66.04761904761905,35
GBR,Great Britain,1936,91,250,25.772,176.01960784313727,66.38095238095238,36
GBR,Great Britain,1948,139,590,35.590818363273456,173.40298507462686,67.58,61
GBR,Great Britain,1952,127,401,25.960099750623442,170.27522935779817,64.56194690265487,31
GBR,Great Britain,1956,113,283,26.819787985865723,174.9430894308943,68.41269841269842,46
GBR,Great Britain,1960,130,389,25.5706940874036,173.73087071240104,68.55936675461741,28
GBR,Great Britain,1964,124,301,25.039867109634553,175.02333333333334,69.9468438538206,28
GBR,Great Britain,1968,133,328,24.759146341463413,175.88235294117646,69.88854489164086,19
GBR,Great Britain,1972,159,433,24.300230946882216,174.06293706293707,68.625,29
GBR,Great Britain,1976,148,353,24.30311614730878,175.05405405405406,68.92492492492492,32
GBR,Great Britain,1980,145,328,22.76452599388379,175.5137614678899,69.37003058103976,47
GBR,Great Britain,1984,190,509,24.456692913385826,174.4378698224852,69.30632411067194,71
GBR,Great Britain,1988,191,472,25.779193205944797,176.65671641791045,70.96588486140725,54
GBR,Great Britain,1992,203,512,25.87279843444227,176.49606299212599,70.87154150197628,50
GBR,Great Britain,1996,175,391,26.74102564102564,177.31185567010309,72.39046391752578,26
GBR,Great Britain,2000,179,415,26.40963855421687,176.55072463768116,71.69685990338164,54
GBR,Great Britain,2004,162,360,26.3,176.60833333333332,71.78888888888889,57
GBR,Great Britain,2008,185,420,25.321428571428573,176.79285714285714,71.44404761904762,81
GBR,Great Britain,2012,249,684,25.941520467836256,177.8389458272328,72.51472754050074,126
GBR,Great Britain,2016,198,478,26.684100418410043,176.5753138075314,71.18046709129511,145
GBS,Guinea Bissau,1996,3,3,26.333333333333332,175.0,61.333333333333336,0
GBS,Guinea Bissau,2000,3,3,26.333333333333332,165.5,57.5,0
GBS,Guinea Bissau,2004,3,3,25.0,165.0,60.333333333333336,0
GBS,Guinea Bissau,2008,3,3,23.666666666666668,168.33333333333334,69.66666666666667,0
GBS,Guinea Bissau,2012,4,4,25.75,168.5,68.25,0
GBS,Guinea Bissau,2016,5,5,27.0,172.0,76.0,0
GDR,East Germany,1968,124,346,24.751445086705203,174.78323699421966,69.44797687861272,52
GDR,East Germany,1972,161,454,23.314977973568283,175.2202643171806,69.81718061674009,151
GDR,East Germany,1976,139,407,21.933660933660935,174.13759213759215,69.51842751842752,195
GDR,East Germany,1980,167,495,22.707070707070706,176.73131313131313,71.38585858585859,264
GDR,East Germany,1988,157,402,23.139303482587064,177.27611940298507,71.76492537313433,181
GEO,Georgia,1996,39,42,25.38095238095238,174.73809523809524,75.33333333333333,2
GEO,Georgia,2000,41,47,25.404255319148938,173.34782608695653,74.3913043478261,6
GEO,Georgia,2004,38,39,25.435897435897434,174.02564102564102,76.93589743589743,4
GEO,Georgia,2008,35,38,26.210526315789473,175.8684210526316,76.51315789473684,6
GEO,Georgia,2012,35,36,25.63888888888889,177.13888888888889,78.13888888888889,7
GEO,Georgia,2016,40,45,26.8,176.6888888888889,82.4,7
GEQ,Equatorial Guinea,1984,5,5,19.2,174.2,71.6,0
GEQ,Equatorial Guinea,1988,7,7,22.285714285714285,170.5,68.5,0
GEQ,Equatorial Guinea,1992,8,8,21.375,176.0,77.0,0
GEQ,Equatorial Guinea,1996,5,8,25.25,170.0,67.66666666666667,0
GEQ,Equatorial Guinea,2000,4,4,21.5,164.33333333333334,56.666666666666664,0
GEQ,Equatorial Guinea,2004,2,2,20.5,171.5,65.5,0
GEQ,Equatorial Guinea,2008,3,3,28.666666666666668,162.5,73.33333333333333,0
GEQ,Equatorial Guinea,2012,2,2,26.0,173.0,65.5,0
GEQ,Equatorial Guinea,2016,1,1,27.0,170.0,63.0,0
GER,Germany,1896,27,94,24.261904761904763,163.6818181818182,64.71428571428571,32
GER,Ludwigshafener Ruder Verein-1,1900,27,103,23.86111111111111,168.5,70.25,45
GER,Germany,1904,25,55,24.232558139534884,176.0,73.8,16
GER,Germany,1906,41,157,26.189655172413794,179.97560975609755,75.97560975609755,30
GER,Germany,1908,41,148,25.212389380530972,175.72727272727272,68.45833333333333,21
GER,Germany,1912,69,312,26.02317880794702,180.55555555555554,72.61363636363636,53
GER,Germany,1928,95,399,32.86910994764398,175.39743589743588,69.0,77
GER,Germany,1932,67,202,33.32663316582914,176.3764705882353,72.58695652173913,43
GER,Germany,1936,143,581,30.58159722222222,176.03703703703704,71.5754716981132,224
GER,Germany,1952,123,365,28.93972602739726,172.4794520547945,68.88157894736842,40
GER,Germany,1956,100,261,26.9272030651341,175.86666666666667,72.05714285714286,52
GER,Germany,1960,148,425,24.44705882352941,174.54117647058823,70.15529411764706,89
GER,Germany,1964,159,478,24.910041841004183,174.81171548117155,71.21966527196653,116
GER,Germany,1992,237,653,24.62021439509954,178.79846153846154,72.32461538461538,198
GER,Germany,1996,234,626,26.376996805111823,179.65814696485623,74.0992,124
GER,Germany,2000,234,567,26.86596119929453,179.44778761061946,73.56194690265487,118
GER,Germany,2004,228,592,26.91385135135135,179.78547297297297,74.66216216216216,149
GER,Germany,2008,207,558,26.799283154121863,178.5483870967742,73.50268817204301,99
GER,Germany,2012,213,510,26.598039215686274,178.3235294117647,73.03921568627452,94
GER,Germany,2016,217,536,26.541044776119403,178.15887850467288,73.00373831775701,159
GHA,Ghana,1960,12,15,21.857142857142858,175.46666666666667,66.0,1
GHA,Ghana,1964,18,40,24.725,174.19444444444446,66.25,1
GHA,Ghana,1968,18,36,25.97222222222222,173.72222222222223,67.52777777777777,0
GHA,Ghana,1972,17,41,26.513513513513512,175.390243902439,68.90243902439025,1
GHA,Ghana,1984,17,27,23.0,168.92592592592592,60.592592592592595,0
GHA,Ghana,1988,13,21,20.80952380952381,171.35,66.80952380952381,0
GHA,Ghana,1992,13,41,21.51219512195122,177.0,69.36842105263158,20
GHA,Ghana,1996,15,40,22.025,176.3235294117647,72.91176470588235,0
GHA,Ghana,2000,13,28,23.25,171.46428571428572,67.53571428571429,0
GHA,Ghana,2004,9,29,23.482758620689655,176.56,74.4,0
GHA,Ghana,2008,9,9,23.444444444444443,174.16666666666666,64.44444444444444,0
GHA,Ghana,2012,7,7,22.714285714285715,170.2,65.0,0
GHA,Ghana,2016,12,15,22.866666666666667,170.1,64.1,0
GRE,Greece,1896,39,148,21.235294117647058,175.66666666666666,78.0,48
GRE,Greece,1904,5,17,24.0,182.75,77.5,2
GRE,Greece,1906,70,484,30.271186440677965,182.44444444444446,88.66666666666667,102
GRE,Greece,1908,25,49,27.571428571428573,179.6,85.15384615384616,4
GRE,Greece,1912,25,77,38.16,183.0,93.5,2
GRE,Greece,1920,34,98,28.88888888888889,178.0,72.5,5
GRE,Greece,1924,37,79,32.31818181818182,180.75,83.33333333333333,1
GRE,Greece,1928,26,47,21.85,177.0,73.33333333333333,0
GRE,Greece,1932,12,16,23.77777777777778,176.5,70.6,0
GRE,Greece,1936,34,64,23.705882352941178,176.16666666666666,76.5,0
GRE,Greece,1948,44,97,29.029411764705884,174.14285714285714,66.84615384615384,0
GRE,Marie-Tim,1952,24,54,26.06896551724138,180.35714285714286,73.3076923076923,0
GRE,Greece,1956,13,16,25.6,180.5,76.0,1
GRE,Greece,1960,38,59,25.5,176.71428571428572,71.89473684210526,3
GRE,Proteus II,1964,16,19,27.736842105263158,174.26315789473685,75.21052631578948,0
GRE,Greece,1968,27,44,26.058823529411764,175.4090909090909,75.86363636363636,1
GRE,Greece,1972,46,66,24.353846153846153,175.5151515151515,74.72727272727273,2
GRE,Greece,1976,34,40,25.975,174.63888888888889,72.44444444444444,0
GRE,Greece,1980,31,45,23.666666666666668,177.25581395348837,77.52272727272727,5
GRE,Greece,1984,49,73,24.205479452054796,179.23287671232876,81.82191780821918,2
GRE,Greece,1988,43,72,23.457142857142856,176.6764705882353,74.91176470588235,1
GRE,Greece,1992,53,76,24.94736842105263,178.08928571428572,78.93103448275862,2
GRE,Greece,1996,94,180,22.305555555555557,172.10778443113773,68.58383233532935,8
GRE,Greece,2000,114,175,24.434285714285714,175.54285714285714,69.78857142857143,18
GRE,Greece,2004,215,499,25.559118236472944,176.5843373493976,71.55622489959839,31
GRE,Greece,2008,105,176,26.005681818181817,178.79545454545453,73.76988636363636,7
GRE,Greece,2012,76,115,26.48695652173913,178.8521739130435,74.3108108108108,3
GRE,Greece,2016,65,104,25.778846153846153,180.6346153846154,74.40776699029126,7
GRN,Grenada,1984,6,6,20.333333333333332,176.5,67.5,0
GRN,Grenada,1988,7,7,24.166666666666668,166.8,62.4,0
GRN,Grenada,1996,2,5,20.0,183.0,75.0,0
GRN,Grenada,2000,3,3,19.333333333333332,166.0,68.5,0
GRN,Grenada,2004,5,5,22.8,178.2,72.4,0
GRN,Grenada,2008,8,9,24.77777777777778,176.375,65.5,0
GRN,Grenada,2012,8,8,25.125,178.375,67.5,1
GRN,Grenada,2016,4,6,22.5,173.0,67.75,1
GUA,Guatemala,1952,26,35,26.264705882352942,164.5,76.0,0
GUA,Guatemala,1968,37,67,25.46153846153846,170.3582089552239,64.44776119402985,0
GUA,Guatemala,1972,10,11,26.90909090909091,168.72727272727272,58.0,0
GUA,Guatemala,1976,8,28,24.964285714285715,173.42857142857142,66.82142857142857,0
GUA,Guatemala,1980,7,10,28.3,175.3,70.1,0
GUA,Guatemala,1984,40,53,19.735849056603772,172.77358490566039,64.33962264150944,0
GUA,Guatemala,1988,16,37,24.486486486486488,168.83783783783784,61.16216216216216,0
GUA,Guatemala,1992,27,41,18.51219512195122,172.33333333333334,61.857142857142854,0
GUA,Guatemala,1996,20,28,24.785714285714285,169.92857142857142,62.17857142857143,0
GUA,Guatemala,2000,14,18,25.61111111111111,171.83333333333334,66.02777777777777,0
GUA,Guatemala,2004,17,19,26.68421052631579,171.52631578947367,65.63157894736842,0
GUA,Guatemala,2008,12,13,27.53846153846154,174.3846153846154,67.57692307692308,0
GUA,Guatemala,2012,21,24,23.916666666666668,171.25,67.22916666666667,1
GUA,Guatemala,2016,19,25,24.88,169.0,60.04,0
GUI,Guinea,1968,1,15,23.0,171.8,65.46666666666667,0
GUI,Guinea,1980,10,10,26.666666666666668,171.2,64.4,0
GUI,Guinea,1984,1,1,33.0,167.0,71.0,0
GUI,Guinea,1988,7,7,19.0,170.0,71.33333333333333,0
GUI,Guinea,1992,11,11,25.0,174.71428571428572,61.42857142857143,0
GUI,Guinea,1996,5,5,21.0,177.2,71.2,0
GUI,Guinea,2000,6,6,23.5,174.0,76.0,0
GUI,Guinea,2004,4,4,23.0,178.25,72.0,0
GUI,Guinea,2008,5,5,23.2,179.25,69.4,0
GUI,Guinea,2012,4,4,22.5,169.5,79.75,0
GUI,Guinea,2016,5,5,19.8,168.0,69.2,0
GUM,Guam,1988,22,26,23.916666666666668,175.08,71.36,0
GUM,Guam,1992,27,45,23.6,178.72727272727272,70.17391304347827,0
GUM,Guam,1996,9,9,24.666666666666668,180.6,77.4,0
GUM,Guam,2000,7,7,27.714285714285715,173.33333333333334,69.16666666666667,0
GUM,Guam,2004,4,4,25.25,179.75,74.0,0
GUM,Guam,2008,7,7,21.428571428571427,174.28571428571428,89.85714285714286,0
GUM,Guam,2012,8,8,23.625,176.875,86.625,0
GUM,Guam,2016,5,5,24.0,174.8,67.4,0
GUY,Guyana,1960,6,6,22.333333333333332,173.8,67.2,0
GUY,Guyana,1968,6,6,22.833333333333332,174.16666666666666,67.5,0
GUY,Guyana,1972,4,4,22.75,169.0,66.0,0
GUY,Guyana,1980,10,10,24.1,178.5,63.8,1
GUY,Guyana,1984,12,12,24.416666666666668,173.16666666666666,64.75,0
GUY,Guyana,1988,8,8,25.0,171.25,64.25,0
GUY,Guyana,1992,7,7,24.857142857142858,172.14285714285714,65.0,0
GUY,Guyana,1996,6,9,22.77777777777778,189.55555555555554,65.88888888888889,0
GUY,Guyana,2000,4,4,23.75,179.5,73.0,0
GUY,Guyana,2004,4,4,24.75,172.75,69.5,0
GUY,Guyana,2008,4,4,25.0,169.0,60.666666666666664,0
GUY,Guyana,2012,6,6,23.333333333333332,172.4,66.0,0
GUY,Guyana,2016,7,7,21.714285714285715,163.42857142857142,63.285714285714285,0
HAI,Haiti,1924,9,16,20.5,171.0,63.5,5
HAI,Haiti,1928,3,3,23.666666666666668,168.66666666666666,59.666666666666664,1
HAI,Haiti,1932,3,3,29.0,171.0,63.5,0
HAI,Haiti,1972,7,7,21.571428571428573,172.42857142857142,67.57142857142857,0
HAI,Haiti,1976,14,14,24.714285714285715,170.14285714285714,65.35714285714286,0
HAI,Haiti,1984,2,3,26.0,175.0,65.0,0
HAI,Haiti,1988,5,5,26.8,179.0,84.8,0
HAI,Haiti,1992,8,8,28.142857142857142,178.33333333333334,78.33333333333333,0
HAI,Haiti,1996,7,7,24.142857142857142,182.33333333333334,84.0,0
HAI,Haiti,2000,5,5,23.8,169.8,67.2,0
HAI,Haiti,2004,8,8,25.875,178.75,80.5625,0
HAI,Haiti,2008,7,7,27.0,174.0,77.58333333333333,0
HAI,Haiti,2012,5,5,24.8,175.8,72.0,0
HAI,Haiti,2016,10,10,25.2,174.66666666666666,66.16666666666667,0
HKG,Hong Kong,1952,6,9,20.666666666666668,179.0,68.0,0
HKG,Hong Kong,1956,3,4,24.0,179.0,68.0,0
HKG,Hong Kong,1960,3,4,37.25,178.25,71.0,0
HKG,Hong Kong,1964,24,50,27.92,172.68,66.28,0
HKG,Hong Kong,1968,12,25,25.48,173.92,73.28,0
HKG,Hong Kong,1972,13,18,25.27777777777778,176.77777777777777,68.72222222222223,0
HKG,Hong Kong,1976,27,50,26.3,173.0625,61.625,0
HKG,Hong Kong,1984,47,87,23.735632183908045,171.82758620689654,62.67816091954023,0
HKG,Hong Kong,1988,49,91,23.47252747252747,173.41758241758242,64.43956043956044,0
HKG,Hong Kong,1992,39,66,22.484848484848484,177.93548387096774,69.41935483870968,0
HKG,Hong Kong,1996,25,32,27.25,175.41176470588235,68.88235294117646,1
HKG,Hong Kong,2000,34,46,21.891304347826086,171.32608695652175,64.06521739130434,0
HKG,Hong Kong,2004,29,42,23.30952380952381,168.97619047619048,62.166666666666664,2
HKG,Hong Kong,2008,33,47,25.70212765957447,170.10638297872342,62.0,0
HKG,Hong Kong,2012,44,55,24.70909090909091,168.6909090909091,62.89090909090909,1
HKG,Hong Kong,2016,32,47,25.148936170212767,170.85106382978722,63.95744680851064,0
HON,Honduras,1968,4,6,20.166666666666668,170.33333333333334,63.833333333333336,0
HON,Honduras,1976,2,3,22.0,167.33333333333334,57.666666666666664,0
HON,Honduras,1984,20,26,23.285714285714285,166.66666666666666,58.666666666666664,0
HON,Honduras,1988,15,18,19.055555555555557,171.0,60.166666666666664,0
HON,Honduras,1992,25,27,21.444444444444443,173.75,62.25,0
HON,Honduras,1996,7,7,24.285714285714285,165.0,50.666666666666664,0
HON,Honduras,2000,4,20,22.4,175.5,68.875,0
HON,Honduras,2004,5,5,22.8,171.8,69.0,0
HON,Honduras,2008,8,26,22.807692307692307,176.84615384615384,75.3076923076923,0
HON,Honduras,2012,10,25,22.32,169.54166666666666,70.72,0
HON,Honduras,2016,8,23,23.47826086956522,178.8695652173913,78.21739130434783,0
HUN,Hungary,1900,21,34,20.153846153846153,187.0,83.0,5
HUN,Hungary,1904,9,9,21.555555555555557,187.0,83.0,4
HUN,Hungary,1906,41,99,22.015873015873016,180.83333333333334,76.57142857142857,13
HUN,Hungary,1908,37,107,22.98936170212766,182.75,74.04166666666667,20
HUN,Hungary,1912,52,207,25.475490196078432,177.06666666666666,69.0,30
HUN,Hungary,1924,54,140,28.85593220338983,176.6,74.83333333333333,22
HUN,Hungary,1928,63,219,30.57,178.92857142857142,86.66666666666667,21
HUN,Hungary,1932,39,118,33.410714285714285,180.52,77.31428571428572,33
HUN,Hungary,1936,104,335,25.931137724550897,178.11428571428573,71.54838709677419,41
HUN,Hungary,1948,76,222,28.47846889952153,178.70731707317074,73.76136363636364,62
HUN,Hungary,1952,107,345,27.123867069486405,175.93421052631578,71.8525641025641,102
HUN,Hungary,1956,82,197,26.744897959183675,175.07246376811594,72.08695652173913,64
HUN,Hungary,1960,107,312,24.852564102564102,173.23472668810288,69.37781350482315,66
HUN,Hungary,1964,111,319,24.5423197492163,173.78056426332287,70.43416927899686,56
HUN,Hungary,1968,116,303,24.363036303630363,173.8943894389439,69.35478547854785,81
HUN,Hungary,1972,134,367,24.381471389645778,174.9398907103825,70.7095890410959,81
HUN,Hungary,1976,109,288,23.739583333333332,172.83216783216784,67.5034965034965,55
HUN,Hungary,1980,151,392,24.0484693877551,174.31202046035807,68.99744245524296,61
HUN,Hungary,1988,135,315,23.714285714285715,176.4,71.95873015873016,44
HUN,Hungary,1992,156,351,24.085470085470085,175.487106017192,71.81375358166189,45
HUN,Hungary,1996,145,315,24.374603174603173,175.2926045016077,70.85852090032154,43
HUN,Hungary,2000,137,238,25.57563025210084,179.0548523206751,75.73839662447257,53
HUN,Hungary,2004,138,258,25.98062015503876,179.7170542635659,76.70542635658914,40
HUN,Hungary,2008,126,216,25.675925925925927,178.91203703703704,75.06481481481481,27
HUN,Hungary,2012,111,201,25.681592039800996,180.9,77.07,26
HUN,Hungary,2016,113,204,26.774509803921568,179.4264705882353,75.22549019607843,22
INA,Indonesia,1956,11,24,25.7,162.0,58.0,0
INA,Indonesia,1960,17,27,26.074074074074073,168.3181818181818,64.54545454545455,0
INA,Indonesia,1968,5,6,33.5,167.5,69.16666666666667,0
INA,Indonesia,1972,7,7,24.714285714285715,163.14285714285714,55.0,0
INA,Indonesia,1976,11,11,23.545454545454547,164.14285714285714,59.57142857142857,0
INA,Indonesia,1984,16,23,23.82608695652174,164.91304347826087,57.47826086956522,0
INA,Indonesia,1988,32,43,21.88372093023256,167.64285714285714,60.51162790697674,3
INA,Indonesia,1992,31,51,23.529411764705884,168.93103448275863,64.62068965517241,6
INA,Indonesia,1996,23,45,24.488888888888887,169.36363636363637,63.12903225806452,6
INA,Indonesia,2000,32,54,24.444444444444443,168.05555555555554,61.0,8
INA,Indonesia,2004,27,39,24.384615384615383,166.76923076923077,61.02564102564103,5
INA,Indonesia,2008,17,26,25.0,168.0,63.69230769230769,7
INA,Indonesia,2012,16,22,23.5,164.55,63.04761904761905,2
INA,Indonesia,2016,20,31,24.548387096774192,168.5483870967742,66.70967741935483,4
IND,India,1936,12,30,25.862068965517242,171.83333333333334,54.0,19
IND,India,1948,39,89,24.81081081081081,170.0,73.375,20
IND,India,1952,42,94,26.71604938271605,170.0,67.58333333333333,15
IND,India,1956,32,79,26.5,174.30769230769232,68.875,17
IND,India,1960,20,49,26.73469387755102,173.89583333333334,65.85714285714286,13
IND,India,1964,42,111,25.7027027027027,169.90196078431373,66.5,15
IND,India,1968,11,27,26.25925925925926,172.33333333333334,70.25925925925925,16
IND,India,1972,27,43,26.047619047619047,174.2325581395349,70.67441860465117,14
IND,India,1976,10,26,26.666666666666668,171.08333333333334,65.29166666666667,0
IND,India,1980,30,78,25.506666666666668,170.75324675324674,66.85714285714286,16
IND,India,1984,30,53,24.90566037735849,169.40384615384616,64.78846153846153,0
IND,India,1988,27,55,24.072727272727274,168.7,61.734693877551024,0
IND,India,1992,36,61,24.42622950819672,172.5,63.03703703703704,0
IND,India,1996,31,54,24.62962962962963,171.78571428571428,67.03125,1
IND,India,2000,38,70,25.4,173.33333333333334,68.41269841269842,1
IND,India,2004,43,81,24.728395061728396,169.91358024691357,68.39506172839506,1
IND,India,2008,48,67,25.402985074626866,173.11940298507463,72.64179104477611,3
IND,India,2012,55,95,25.957894736842107,174.16666666666666,72.73717948717949,6
IND,India,2016,67,130,26.1,169.9672131147541,66.34710743801652,2
IOA,Individual Olympic Athletes,1992,54,76,23.842105263157894,178.37735849056602,73.50943396226415,3
IOA,Individual Olympic Athletes,2000,4,4,26.5,156.75,52.75,0
IOA,Individual Olympic Athletes,2012,4,4,24.75,178.5,70.0,0
IOA,Individual Olympic Athletes,2016,6,9,34.22222222222222,176.66666666666666,85.33333333333333,2
IRI,Iran,1952,22,23,23.52173913043478,172.5,71.33333333333333,7
IRI,Iran,1956,17,17,27.076923076923077,170.5,73.4,5
IRI,Iran,1960,24,24,26.916666666666668,171.20833333333334,67.54166666666667,4
IRI,Iran,1964,58,96,26.635416666666668,169.4375,64.9375,2
IRI,Iran,1968,14,14,26.0,175.0,75.53846153846153,5
IRI,Iran,1972,33,56,25.089285714285715,172.91071428571428,67.57142857142857,3
IRI,Iran,1976,50,104,25.58653846153846,173.06730769230768,70.48076923076923,2
IRI,Iran,1988,21,26,22.807692307692307,171.42307692307693,66.34615384615384,1
IRI,Iran,1992,36,44,25.454545454545453,175.5151515151515,72.97368421052632,3
IRI,Iran,1996,18,18,24.27777777777778,176.72222222222223,76.5,3
IRI,Iran,2000,33,34,24.38235294117647,176.97058823529412,77.23529411764706,4
IRI,Iran,2004,35,37,24.64864864864865,176.51351351351352,81.29729729729729,6
IRI,Iran,2008,40,55,25.072727272727274,182.03636363636363,84.47272727272727,2
IRI,Iran,2012,51,57,25.42105263157895,177.2982456140351,82.27272727272727,12
IRI,Iran,2016,46,67,26.761194029850746,181.23880597014926,81.55223880597015,8
IRL,Ireland,1928,27,44,31.23076923076923,180.5,98.0,1
IRL,Ireland,1932,10,18,32.583333333333336,179.0,82.0,2
IRL,Ireland,1948,34,83,33.8125,180.4,67.75,1
IRL,Ireland,1952,18,25,27.92,178.25,71.91666666666667,1
IRL,Ireland,1956,17,25,27.95,174.3846153846154,68.53846153846153,5
IRL,Ireland,1960,39,63,28.22222222222222,173.9206349206349,68.26984126984127,0
IRL,Ireland,1964,23,35,28.457142857142856,176.31428571428572,69.42857142857143,1
IRL,Ireland,1968,32,57,25.228070175438596,174.83928571428572,68.07142857142857,0
IRL,Ireland,1972,54,84,26.5,174.6904761904762,69.6547619047619,0
IRL,Ireland,1976,34,59,24.52542372881356,175.71929824561403,71.59649122807018,0
IRL,Ireland,1980,38,57,24.80701754385965,177.73214285714286,73.35714285714286,3
IRL,Ireland,1984,35,55,24.692307692307693,173.17307692307693,65.5,1
IRL,Ireland,1988,47,78,25.743589743589745,176.7792207792208,70.05194805194805,0
IRL,Ireland,1992,47,77,27.272727272727273,178.41538461538462,72.16666666666667,2
IRL,Ireland,1996,70,99,27.444444444444443,178.43548387096774,72.88709677419355,4
IRL,Ireland,2000,52,76,26.894736842105264,178.6315789473684,72.25,1
IRL,Ireland,2004,31,55,29.0,178.9245283018868,69.11320754716981,0
IRL,Ireland,2008,43,63,27.253968253968253,178.53225806451613,70.96774193548387,3
IRL,Ireland,2012,54,76,28.526315789473685,175.06666666666666,66.6027397260274,5
IRL,Ireland,2016,57,93,28.365591397849464,175.1505376344086,68.52688172043011,3
IRQ,Iraq,1960,23,28,22.0,172.74074074074073,69.79629629629629,1
IRQ,Iraq,1964,14,19,25.31578947368421,175.27777777777777,77.58333333333333,0
IRQ,Iraq,1968,4,4,26.0,166.25,61.0,0
IRQ,Iraq,1980,26,44,24.434782608695652,172.73684210526315,70.56976744186046,0
IRQ,Iraq,1984,11,25,24.272727272727273,170.6,76.07142857142857,0
IRQ,Iraq,1988,13,28,25.454545454545453,173.2,71.36363636363636,0
IRQ,Iraq,1992,8,8,26.25,172.5,79.57142857142857,0
IRQ,Iraq,1996,3,3,30.333333333333332,170.0,90.0,0
IRQ,Iraq,2000,4,4,24.5,164.75,57.75,0
IRQ,Iraq,2004,8,24,23.0,176.20833333333334,75.08333333333333,0
IRQ,Iraq,2008,3,4,26.5,179.5,81.5,0
IRQ,Iraq,2012,8,8,22.5,171.0,75.66666666666667,0
IRQ,Iraq,2016,5,20,22.7,178.2,74.5,0
ISL,Iceland,1948,18,27,21.59259259259259,181.3,74.7,0
ISL,Iceland,1952,11,18,23.77777777777778,179.28571428571428,72.42857142857143,0
ISL,Iceland,1956,2,2,22.0,182.0,80.5,1
ISL,Iceland,1960,11,11,24.09090909090909,184.0,76.5,0
ISL,Iceland,1964,5,5,24.0,183.4,69.5,0
ISL,Iceland,1968,15,16,25.125,182.875,73.46666666666667,0
ISL,Iceland,1972,16,30,23.6,182.16,79.36,0
ISL,Iceland,1976,22,22,21.318181818181817,182.33333333333334,87.33333333333333,0
ISL,Iceland,1980,11,12,24.0,188.55555555555554,90.41666666666667,0
ISL,Iceland,1984,17,35,23.114285714285714,183.22857142857143,80.88571428571429,1
ISL,Iceland,1988,25,42,24.404761904761905,183.4047619047619,81.16666666666667,0
ISL,Iceland,1992,15,31,27.129032258064516,186.6875,91.75,0
ISL,Iceland,1996,15,15,21.8,173.91666666666666,68.41666666666667,0
ISL,Iceland,2000,28,29,22.517241379310345,177.55172413793105,70.79310344827586,1
ISL,Iceland,2004,20,34,26.0,183.23529411764707,79.79411764705883,0
ISL,Iceland,2008,18,31,25.225806451612904,186.90322580645162,85.03225806451613,14
ISL,Iceland,2012,20,36,26.083333333333332,185.88235294117646,83.55882352941177,0
ISL,Iceland,2016,14,14,23.928571428571427,177.21428571428572,73.64285714285714,0
ISR,Israel,1956,3,3,23.666666666666668,173.0,74.0,0
ISR,Israel,1960,28,46,21.29268292682927,167.91304347826087,63.54347826086956,0
ISR,Israel,1964,12,13,25.23076923076923,171.30769230769232,70.92307692307692,0
ISR,Israel,1968,20,39,23.487179487179485,173.0,69.56410256410257,0
ISR,Israel,1972,14,17,27.705882352941178,169.23529411764707,68.82352941176471,0
ISR,Israel,1976,19,34,24.294117647058822,172.6451612903226,72.09677419354838,0
ISR,Israel,1984,46,65,21.892307692307693,168.73846153846154,60.2,0
ISR,Israel,1988,20,29,22.517241379310345,172.51724137931035,66.65517241379311,0
ISR,Israel,1992,42,44,23.477272727272727,179.35714285714286,77.70588235294117,2
ISR,Israel,1996,26,38,26.63157894736842,178.59259259259258,74.32142857142857,1
ISR,Israel,2000,43,58,24.17241379310345,179.39655172413794,74.86206896551724,1
ISR,Israel,2004,41,46,25.91304347826087,171.2173913043478,66.78260869565217,2
ISR,Israel,2008,47,60,24.6,174.60344827586206,66.77586206896552,1
ISR,Israel,2012,41,56,24.464285714285715,173.3272727272727,66.52727272727273,0
ISR,Israel,2016,45,59,25.033898305084747,174.33898305084745,66.77966101694915,2
ISV,United States Virgin Islands,1968,5,6,32.75,188.0,96.0,0
ISV,United States Virgin Islands,1972,9,16,32.3125,181.73333333333332,78.66666666666667,0
ISV,United States Virgin Islands,1976,21,26,26.56,175.65,70.8,0
ISV,United States Virgin Islands,1984,31,52,24.826923076923077,178.31372549019608,70.38,0
ISV,United States Virgin Islands,1988,27,46,24.76086956521739,178.6,71.31111111111112,1
ISV,United States Virgin Islands,1992,29,34,29.029411764705884,173.625,66.95833333333333,0
ISV,United States Virgin Islands,1996,11,14,26.142857142857142,170.58333333333334,60.916666666666664,0
ISV,United States Virgin Islands,2000,12,12,30.916666666666668,180.91666666666666,76.83333333333333,0
ISV,United States Virgin Islands,2004,9,9,27.11111111111111,182.22222222222223,78.22222222222223,0
ISV,United States Virgin Islands,2008,8,8,26.125,182.875,76.25,0
ISV,United States Virgin Islands,2012,7,9,24.0,178.11111111111111,71.0,0
ISV,United States Virgin Islands,2016,7,7,27.285714285714285,185.0,86.6,0
ITA,Roma,1906,37,103,21.97142857142857,171.0,98.0,56
ITA,Italy,1908,30,97,23.011904761904763,178.25,72.75,8
ITA,Italy,1912,36,96,23.096385542168676,179.88888888888889,70.0,25
ITA,Italy,1920,79,291,27.202898550724637,179.65,75.6923076923077,84
ITA,Italy,1924,93,333,28.513618677042803,170.10344827586206,73.21739130434783,51
ITA,Italy,1928,81,273,27.74273858921162,171.59016393442624,72.8,72
ITA,Italy,1932,61,154,26.87248322147651,169.82014388489208,67.5,77
ITA,Italy,1936,99,349,28.47761194029851,171.64444444444445,70.21875,76
ITA,Italy,1948,89,310,31.006993006993007,173.675,74.66666666666667,67
ITA,Italy,1952,114,376,25.455764075067023,174.3015873015873,73.109375,54
ITA,Italy,1956,80,207,25.294416243654823,172.28235294117647,70.13095238095238,47
ITA,Italy,1960,138,402,24.308457711442784,172.6945945945946,69.6891891891892,88
ITA,Italy,1964,91,256,25.01171875,174.9765625,72.642578125,51
ITA,Italy,1968,103,268,25.80223880597015,174.16104868913857,69.99625468164794,33
ITA,Italy,1972,123,345,23.67536231884058,173.80289855072465,69.17732558139535,25
ITA,Italy,1976,122,312,23.868589743589745,175.3125,70.26644736842105,31
ITA,Italy,1980,88,203,23.67487684729064,178.73891625615764,72.67980295566502,37
ITA,Italy,1984,151,368,23.921195652173914,178.13390313390315,72.54985754985755,63
ITA,Italy,1988,140,374,24.06951871657754,176.65591397849462,71.4274193548387,29
ITA,Italy,1992,169,431,25.150812064965198,178.28901734104045,72.8160237388724,45
ITA,Italy,1996,172,460,26.184782608695652,176.7478260869565,72.05869565217391,71
ITA,Italy,2000,175,457,26.00656455142232,177.4933920704846,72.58810572687224,65
ITA,Italy,2004,175,474,26.147679324894515,177.66666666666666,73.04113924050633,104
ITA,Italy,2008,190,459,26.81917211328976,176.3995633187773,70.88755458515284,42
ITA,Italy,2012,169,382,27.138743455497384,176.1544502617801,70.7472972972973,68
ITA,Italy,2016,171,399,26.839598997493734,176.593984962406,69.70426065162907,72
IVB,British Virgin Islands,1984,7,13,27.692307692307693,181.41666666666666,75.23076923076923,0
IVB,British Virgin Islands,1988,4,4,24.25,179.0,72.25,0
IVB,British Virgin Islands,1992,2,4,35.0,191.0,77.0,0
IVB,British Virgin Islands,1996,5,11,22.636363636363637,178.5,72.8,0
IVB,British Virgin Islands,2000,1,1,25.0,179.0,74.0,0
IVB,British Virgin Islands,2004,1,1,27.0,178.0,77.0,0
IVB,British Virgin Islands,2008,2,2,25.0,177.0,90.5,0
IVB,British Virgin Islands,2012,2,2,24.0,168.0,60.0,0
IVB,British Virgin Islands,2016,4,4,24.0,165.0,69.0,0
JAM,Jamaica,1948,14,26,23.761904761904763,179.5,68.71428571428571,3
JAM,Jamaica,1952,10,16,26.6875,182.1,69.3,8
JAM,Jamaica,1956,6,13,21.53846153846154,178.0,69.33333333333333,0
JAM,Miss Nippon IV,1964,16,32,24.09375,175.67741935483872,68.2258064516129,0
JAM,Jamaica,1968,21,35,23.485714285714284,175.1764705882353,68.6,1
JAM,Jamaica,1972,27,51,21.11764705882353,173.5686274509804,63.21568627450981,1
JAM,Jamaica,1976,18,36,22.944444444444443,173.11111111111111,62.75,2
JAM,Jamaica,1980,15,32,22.78125,175.625,66.34375,3
JAM,Jamaica,1984,35,75,21.616438356164384,176.63013698630138,70.38356164383562,7
JAM,Jamaica,1988,22,49,24.0,176.3265306122449,68.6938775510204,7
JAM,Jamaica,1992,23,51,24.235294117647058,175.77551020408163,66.40816326530613,4
JAM,Jamaica,1996,29,69,25.594202898550726,175.984126984127,67.453125,16
JAM,Jamaica,2000,28,65,26.107692307692307,177.41538461538462,67.9076923076923,23
JAM,Jamaica,2004,27,62,24.661290322580644,175.88524590163934,70.14516129032258,13
JAM,Jamaica,2008,29,66,25.636363636363637,176.55555555555554,71.23809523809524,14
JAM,Jamaica,2012,25,62,26.112903225806452,176.48387096774192,72.06451612903226,25
JAM,Jamaica,2016,32,77,25.01298701298701,175.01298701298703,70.44,30
JOR,Jordan,1980,3,6,36.666666666666664,169.33333333333334,70.0,0
JOR,Jordan,1984,12,15,26.214285714285715,173.57142857142858,69.5,0
JOR,Jordan,1988,9,9,22.444444444444443,165.83333333333334,64.33333333333333,0
JOR,Jordan,1992,5,5,23.6,187.33333333333334,69.0,0
JOR,Jordan,1996,5,5,20.4,185.0,79.0,0
JOR,Jordan,2000,8,8,24.125,170.75,66.0,0
JOR,Jordan,2004,8,8,21.5,174.75,69.3125,0
JOR,Jordan,2008,7,7,20.428571428571427,172.66666666666666,66.08333333333333,0
JOR,Jordan,2012,9,9,24.666666666666668,172.375,65.4375,0
JOR,Jordan,2016,8,8,23.875,174.75,73.375,1
JPN,Japan,1912,4,4,24.5,170.0,64.0,0
JPN,Japan,1920,15,26,24.692307692307693,164.66666666666666,60.666666666666664,3
JPN,Japan,1924,21,37,22.714285714285715,167.75,64.75,1
JPN,Japan,1928,31,56,23.837209302325583,165.3846153846154,58.38461538461539,9
JPN,Japan,1932,66,203,25.27741935483871,167.11111111111111,60.11538461538461,31
JPN,Japan,1936,79,325,25.810996563573884,171.70454545454547,59.0,23
JPN,Japan,1952,60,133,23.082706766917294,165.53658536585365,59.92857142857143,12
JPN,Japan,1956,72,222,24.205741626794257,162.64772727272728,58.84090909090909,24
JPN,Japan,1960,96,278,23.68705035971223,165.0251798561151,61.44244604316547,31
JPN,Japan,1964,155,456,24.291666666666668,167.734649122807,63.56578947368421,62
JPN,Japan,1968,97,289,23.501730103806228,168.17993079584775,63.83737024221453,63
JPN,Japan,1972,113,293,24.167235494880547,169.0958904109589,64.88194444444444,56
JPN,Japan,1976,119,328,24.26829268292683,168.63291139240508,63.677215189873415,41
JPN,Japan,1984,147,365,23.504109589041096,169.3890410958904,64.08493150684932,49
JPN,Japan,1988,166,412,23.859223300970875,168.99506172839506,63.03703703703704,20
JPN,Japan,1992,166,392,23.660714285714285,169.69897959183675,64.88010204081633,47
JPN,Japan-1,1996,168,448,23.388392857142858,168.09375,62.515625,42
JPN,Japan,2000,156,363,25.049586776859503,169.78787878787878,64.0137741046832,44
JPN,Japan-1,2004,169,414,25.695652173913043,169.45652173913044,63.84541062801932,93
JPN,Japan,2008,176,457,25.551422319474835,168.94310722100656,63.498896247240616,51
JPN,Japan,2012,178,399,25.12280701754386,168.47117794486215,62.766129032258064,84
JPN,Japan,2016,186,436,25.408256880733944,169.11238532110093,63.075688073394495,64
KAZ,Kazakhstan,1996,99,142,24.640845070422536,176.2336448598131,73.02678571428571,11
KAZ,Kazakhstan,2000,104,158,26.61392405063291,176.4620253164557,71.37025316455696,7
KAZ,Kazakhstan,2004,95,130,26.4,176.2846153846154,71.91923076923077,8
KAZ,Kazakhstan,2008,106,146,25.65068493150685,176.3972602739726,72.25342465753425,13
KAZ,Kazakhstan,2012,106,132,25.96212121212121,176.5114503816794,73.30833333333334,13
KAZ,Kazakhstan,2016,98,123,25.739837398373982,174.91056910569105,72.15447154471545,18
KEN,Kenya,1956,10,31,26.647058823529413,169.53846153846155,65.23076923076923,0
KEN,Kenya,1960,13,30,26.40740740740741,170.5,65.43333333333334,0
KEN,Kenya,1964,21,41,26.181818181818183,173.48717948717947,66.97435897435898,1
KEN,Kenya,1968,22,50,24.52173913043478,173.74,65.24,12
KEN,Kenya,1972,29,69,25.794117647058822,175.2089552238806,66.76470588235294,12
KEN,Kenya,1984,33,67,25.25,173.74418604651163,66.62790697674419,3
KEN,Kenya,1988,50,88,25.872093023255815,173.97727272727272,67.38636363636364,9
KEN,Kenya,1992,29,55,26.77358490566038,174.08695652173913,63.191489361702125,8
KEN,Kenya,1996,27,54,26.055555555555557,172.53061224489795,63.450980392156865,8
KEN,Kenya,2000,24,59,25.10169491525424,170.28813559322035,60.05084745762712,7
KEN,Kenya,2004,16,46,25.108695652173914,168.2173913043478,59.108695652173914,7
KEN,Kenya,2008,24,47,24.361702127659573,167.57142857142858,55.595238095238095,15
KEN,Kenya,2012,23,51,24.627450980392158,169.4313725490196,57.92,11
KEN,Kenya,2016,29,80,26.5625,170.57333333333332,65.20253164556962,13
KGZ,Kyrgyzstan,1996,39,53,22.566037735849058,183.1764705882353,77.54285714285714,0
KGZ,Kyrgyzstan,2000,59,71,24.859154929577464,179.8,72.91428571428571,1
KGZ,Kyrgyzstan,2004,32,32,25.15625,175.53125,70.3125,0
KGZ,Kyrgyzstan,2008,22,22,24.863636363636363,176.27272727272728,72.4090909090909,2
KGZ,Kyrgyzstan,2012,15,15,22.866666666666667,174.46666666666667,72.13333333333334,0
KGZ,Kyrgyzstan,2016,17,19,24.736842105263158,171.61111111111111,73.33333333333333,0
KIR,Kiribati,2004,3,3,19.0,167.33333333333334,73.33333333333333,0
KIR,Kiribati,2008,2,2,23.5,174.0,93.0,0
KIR,Kiribati,2012,3,3,21.333333333333332,165.66666666666666,79.0,0
KIR,Kiribati,2016,3,3,23.333333333333332,163.0,73.0,0
KOR,South Korea,1948,24,48,27.791666666666668,175.57142857142858,66.04166666666667,2
KOR,South Korea,1952,16,22,26.263157894736842,164.0,64.625,2
KOR,South Korea,1956,23,36,25.736842105263158,170.44444444444446,66.70833333333333,2
KOR,South Korea,1960,38,49,23.775510204081634,167.79591836734693,62.55102040816327,0
KOR,South Korea,1964,93,240,23.4125,168.24166666666667,62.8625,3
KOR,South Korea,1968,43,66,23.53125,170.71875,65.75,2
KOR,South Korea,1972,24,43,23.86046511627907,173.5581395348837,67.93023255813954,1
KOR,South Korea,1976,27,51,24.470588235294116,172.7843137254902,67.23529411764706,17
KOR,South Korea,1984,96,240,21.5375,171.425,66.5625,41
KOR,South Korea,1988,218,551,21.671506352087114,172.28779599271402,66.5391621129326,77
KOR,South Korea,1992,134,322,21.763975155279503,171.21014492753622,67.92198581560284,49
KOR,South Korea,1996,160,417,22.54916067146283,173.6401515151515,68.53030303030303,66
KOR,South Korea,2000,144,359,24.119777158774372,173.99441340782124,68.66806722689076,73
KOR,South Korea,2004,149,344,24.183139534883722,172.7784256559767,67.28279883381924,52
KOR,South Korea,2008,142,329,24.9209726443769,173.2408536585366,69.21341463414635,78
KOR,South Korea,2012,140,312,25.471153846153847,172.7620578778135,67.32797427652733,61
KOR,South Korea,2016,117,263,25.64638783269962,172.2319391634981,67.11583011583012,26
KOS,Kosovo,2016,8,8,23.875,173.5,63.875,1
KSA,Saudi Arabia,1972,11,14,23.571428571428573,172.42857142857142,67.92857142857143,0
KSA,Saudi Arabia,1976,13,19,22.894736842105264,175.89473684210526,71.73684210526316,0
KSA,Saudi Arabia,1984,11,42,20.875,171.4,67.45,0
KSA,Saudi Arabia,1988,12,13,23.833333333333332,164.23076923076923,62.5,0
KSA,Saudi Arabia,1992,13,17,23.176470588235293,168.88888888888889,93.0,0
KSA,Saudi Arabia,1996,13,34,22.852941176470587,176.35714285714286,69.84615384615384,0
KSA,Saudi Arabia,2000,14,23,23.869565217391305,176.2608695652174,70.6086956521739,2
KSA,Saudi Arabia,2004,12,16,26.25,173.9375,71.0,0
KSA,Saudi Arabia,2008,11,18,27.555555555555557,174.94117647058823,69.52941176470588,0
KSA,Saudi Arabia,2012,14,23,30.130434782608695,171.35294117647058,67.05263157894737,4
KSA,Saudi Arabia,2016,10,11,26.272727272727273,170.63636363636363,65.27272727272727,0
KUW,Kuwait,1972,4,4,20.75,169.25,68.0,0
KUW,Kuwait,1976,13,21,20.764705882352942,172.4375,68.125,0
KUW,Kuwait,1980,26,67,20.416666666666668,171.0327868852459,72.70491803278688,0
KUW,Kuwait,1984,17,31,20.84,176.03846153846155,71.74074074074075,0
KUW,Kuwait,1988,24,34,21.484848484848484,175.51612903225808,73.06451612903226,0
KUW,Kuwait,1992,18,37,21.88888888888889,177.1818181818182,77.45833333333333,0
KUW,Kuwait,1996,16,27,25.40740740740741,179.45454545454547,84.70833333333333,0
KUW,Kuwait,2000,10,30,23.7,175.31034482758622,70.65517241379311,1
KUW,Kuwait,2004,9,11,25.363636363636363,176.0909090909091,85.04545454545455,0
KUW,Kuwait,2008,7,8,26.125,181.0,85.0625,0
KUW,Kuwait,2012,11,12,30.0,178.0,75.04166666666667,1
LAO,Laos,1980,16,19,21.57894736842105,165.10526315789474,56.73684210526316,0
LAO,Laos,1988,3,3,22.333333333333332,160.33333333333334,51.333333333333336,0
LAO,Laos,1992,7,7,25.428571428571427,169.85714285714286,60.142857142857146,0
LAO,Laos,1996,2,5,22.4,167.0,61.333333333333336,0
LAO,Laos,2000,3,3,23.0,172.66666666666666,66.66666666666667,0
LAO,Laos,2004,5,5,20.8,166.6,59.0,0
LAO,Laos,2008,4,4,19.0,160.75,51.5,0
LAO,Laos,2012,3,3,18.0,166.33333333333334,58.0,0
LAO,Laos,2016,5,5,19.0,171.75,59.0,0
LAT,Latvia,1936,16,33,29.3125,175.33333333333334,74.0,2
LAT,Latvia,1992,31,40,25.275,179.025,75.5,3
LAT,Latvia,1996,47,55,25.963636363636365,177.48,73.88679245283019,1
LAT,Latvia,2000,47,60,26.016666666666666,177.35,75.5,3
LAT,Latvia,2004,37,45,26.42222222222222,177.55555555555554,74.06666666666666,4
LAT,Latvia,2008,33,53,26.07547169811321,183.96226415094338,82.11320754716981,3
LAT,Latvia,2012,38,50,26.34,181.04,77.76,3
LAT,Latvia,2016,25,33,26.606060606060606,180.66666666666666,77.9090909090909,0
LBA,Libya,1988,5,7,25.6,179.0,79.6,0
LBA,Libya,1992,5,5,25.5,176.0,93.5,0
LBA,Libya,1996,5,5,23.4,174.4,68.4,0
LBA,Libya,2000,3,3,25.666666666666668,175.0,65.5,0
LBA,Libya,2004,8,8,20.75,166.66666666666666,68.85714285714286,0
LBA,Libya,2008,6,6,22.333333333333332,169.66666666666666,70.66666666666667,0
LBA,Libya,2012,4,4,25.75,173.0,65.25,0
LBA,Libya,2016,7,7,22.857142857142858,176.0,63.0,0
LBR,Liberia,1956,6,11,18.333333333333332,175.0,64.0,0
LBR,Liberia,1960,5,6,22.333333333333332,174.0,65.33333333333333,0
LBR,Liberia,1964,2,2,20.0,168.0,58.0,0
LBR,Liberia,1972,5,5,23.6,175.2,66.8,0
LBR,Liberia,1984,7,10,21.0,172.0,60.6,0
LBR,Liberia,1988,10,11,23.545454545454547,168.42857142857142,57.42857142857143,0
LBR,Liberia,1996,3,7,22.571428571428573,177.28571428571428,74.14285714285714,0
LBR,Liberia,2000,7,10,24.9,177.75,72.875,0
LBR,Liberia,2004,2,2,23.0,164.0,72.0,0
LBR,Liberia,2008,4,4,27.75,176.5,65.33333333333333,0
LBR,Liberia,2012,3,3,27.333333333333332,173.33333333333334,68.0,0
LCA,Saint Lucia,1996,5,8,23.75,181.57142857142858,72.42857142857143,0
LCA,Saint Lucia,2000,5,5,22.2,174.2,66.8,0
LCA,Saint Lucia,2004,2,2,22.5,168.5,64.0,0
LCA,Saint Lucia,2008,4,4,24.5,174.0,60.75,0
LCA,Saint Lucia,2012,4,4,26.25,170.5,61.0,0
LCA,Saint Lucia,2016,4,5,24.2,173.0,62.6,0
LES,Lesotho,1972,2,2,27.0,170.0,62.0,0
LES,Lesotho,1980,6,7,26.714285714285715,168.57142857142858,68.71428571428571,0
LES,Lesotho,1984,4,5,29.2,168.4,62.2,0
LES,Lesotho,1988,5,6,23.333333333333332,165.0,61.333333333333336,0
LES,Lesotho,1992,8,8,21.375,167.25,56.375,0
LES,Lesotho,1996,5,11,23.636363636363637,170.4,56.6,0
LES,Lesotho,2000,6,6,24.166666666666668,171.8,60.2,0
LES,Lesotho,2004,3,3,23.0,151.33333333333334,55.333333333333336,0
LES,Lesotho,2008,3,5,28.8,163.0,62.4,0
LES,Lesotho,2012,4,4,24.0,166.0,59.666666666666664,0
LES,Lesotho,2016,8,9,25.77777777777778,175.0,64.0,0
LIB,Maid of Lebanon,1960,15,22,30.761904761904763,172.95238095238096,74.85714285714286,0
LIB,Lebanon,1964,3,8,31.125,174.25,70.625,0
LIB,Lebanon,1968,13,15,26.615384615384617,174.2,75.2,0
LIB,Lebanon,1972,23,36,24.694444444444443,174.30555555555554,73.33333333333333,1
LIB,Lebanon,1976,4,4,20.666666666666668,177.5,83.5,0
LIB,Lebanon,1980,16,19,25.2,171.66666666666666,76.375,1
LIB,Lebanon,1984,20,30,25.107142857142858,173.83333333333334,70.66666666666667,0
LIB,Lebanon,1988,28,31,21.258064516129032,173.1290322580645,71.0,0
LIB,Lebanon,1992,15,18,22.833333333333332,170.30769230769232,65.84615384615384,0
LIB,Lebanon,2000,6,6,22.833333333333332,173.2,67.2,0
LIB,Lebanon,2004,5,5,23.0,178.8,68.8,0
LIB,Lebanon,2008,6,6,24.666666666666668,175.0,79.33333333333333,0
LIB,Lebanon,2012,10,10,21.8,174.1,66.2,0
LIB,Lebanon,2016,9,9,26.444444444444443,171.375,68.0,0
LIE,Liechtenstein,1960,6,8,29.375,174.0,82.5,0
LIE,Liechtenstein,1964,3,3,23.666666666666668,180.66666666666666,70.66666666666667,0
LIE,Liechtenstein,1968,3,3,22.0,178.0,68.0,0
LIE,Liechtenstein,1972,11,12,25.25,174.1818181818182,70.81818181818181,0
LIE,Liechtenstein,1976,9,9,23.11111111111111,172.44444444444446,70.55555555555556,0
LIE,Liechtenstein,1984,7,8,26.625,172.75,72.625,0
LIE,Liechtenstein,1988,15,16,24.1875,178.25,73.1875,0
LIE,Liechtenstein,1992,8,8,26.5,177.2,65.0,0
LIE,Liechtenstein,1996,2,2,29.0,172.0,60.0,0
LIE,Liechtenstein,2000,2,2,21.5,170.0,66.0,0
LIE,Liechtenstein,2004,1,1,25.0,175.0,80.0,0
LIE,Liechtenstein,2008,2,2,31.5,178.5,71.5,0
LIE,Liechtenstein,2012,4,4,24.5,175.25,68.0,0
LIE,Liechtenstein,2016,3,3,24.0,179.66666666666666,77.0,0
LTU,Lithuania,1992,31,54,25.59259259259259,185.81632653061226,82.26,13
LTU,Lithuania,1996,49,81,25.358024691358025,184.1304347826087,80.71014492753623,11
LTU,Lithuania,2000,50,77,25.2987012987013,183.55844155844156,79.7012987012987,17
LTU,Lithuania,2004,44,70,25.82857142857143,186.54285714285714,82.9,3
LTU,Lithuania,2008,54,78,26.153846153846153,181.66666666666666,76.6923076923077,5
LTU,Lithuania,2012,54,72,26.194444444444443,181.98611111111111,80.31818181818181,5
LTU,Lithuania,2016,49,80,26.3125,184.1375,82.1875,7
LUX,Luxembourg,1920,18,35,23.3125,176.0,91.25,1
LUX,Luxembourg,1924,35,122,24.074766355140188,176.5,90.8,2
LUX,Luxembourg,1928,31,107,25.40566037735849,169.0,69.26666666666667,1
LUX,Luxembourg,1936,37,129,27.550387596899224,174.77272727272728,73.875,0
LUX,Luxembourg,1948,32,115,25.921739130434784,173.0,70.63888888888889,0
LUX,Luxembourg,1952,32,101,26.11881188118812,173.64705882352942,70.66666666666667,1
LUX,Luxembourg,1956,22,27,27.555555555555557,174.11111111111111,69.27777777777777,0
LUX,Luxembourg,1960,48,117,26.581196581196583,172.7948717948718,69.64957264957265,0
LUX,Luxembourg,1964,18,27,27.51851851851852,168.92592592592592,65.77777777777777,0
LUX,Luxembourg,1968,7,7,28.0,170.14285714285714,63.42857142857143,0
LUX,Luxembourg,1972,8,15,29.733333333333334,176.0,71.14285714285714,0
LUX,Luxembourg,1976,7,9,28.22222222222222,177.8,72.4,0
LUX,Luxembourg,1980,4,4,30.0,175.33333333333334,95.33333333333333,0
LUX,Luxembourg,1984,4,5,35.2,174.6,79.6,0
LUX,Luxembourg,1988,11,11,25.636363636363637,175.36363636363637,65.18181818181819,0
LUX,Luxembourg,1992,8,8,31.125,182.4,71.4,0
LUX,Luxembourg,1996,7,7,33.42857142857143,171.25,71.75,0
LUX,Luxembourg,2000,8,9,26.666666666666668,172.77777777777777,65.0,0
LUX,Luxembourg,2004,10,14,23.714285714285715,177.57142857142858,67.0,0
LUX,Luxembourg,2008,17,19,25.263157894736842,178.1578947368421,68.89473684210526,0
LUX,Luxembourg,2012,11,11,27.363636363636363,177.9090909090909,68.81818181818181,0
LUX,Luxembourg,2016,14,15,27.733333333333334,177.66666666666666,68.33333333333333,0
MAD,Madagascar,1964,4,4,23.75,173.75,60.0,0
MAD,Madagascar,1968,6,6,25.333333333333332,180.16666666666666,69.33333333333333,0
MAD,Madagascar,1972,10,13,25.615384615384617,175.30769230769232,69.53846153846153,0
MAD,Madagascar,1980,18,18,19.11764705882353,162.94444444444446,55.333333333333336,0
MAD,Madagascar,1984,5,5,23.8,169.2,61.8,0
MAD,Madagascar,1992,15,17,22.352941176470587,170.08333333333334,56.92307692307692,0
MAD,Madagascar,1996,10,14,23.214285714285715,165.41666666666666,56.666666666666664,0
MAD,Madagascar,2000,10,13,25.76923076923077,168.69230769230768,61.69230769230769,0
MAD,Madagascar,2004,8,8,26.0,163.5,57.8125,0
MAD,Madagascar,2008,6,6,25.833333333333332,164.83333333333334,63.25,0
MAD,Madagascar,2012,7,7,24.714285714285715,168.57142857142858,65.71428571428571,0
MAD,Madagascar,2016,6,6,26.833333333333332,168.0,62.833333333333336,0
MAL,Malaya,1956,13,34,23.727272727272727,162.0,70.5,0
MAL,Malaya,1960,11,11,22.454545454545453,167.72727272727272,61.86363636363637,0
MAR,Morocco,1960,45,111,30.048780487804876,170.46846846846847,67.01801801801801,1
MAR,Morocco,1964,10,21,23.8,173.1904761904762,72.28571428571429,0
MAR,Morocco,1968,14,25,23.933333333333334,177.20833333333334,68.375,0
MAR,Morocco,1972,19,39,23.8,174.82051282051282,69.58974358974359,0
MAR,Morocco,1976,9,9,25.25,173.22222222222223,62.22222222222222,0
MAR,Morocco,1984,18,35,25.51851851851852,173.94285714285715,68.77142857142857,2
MAR,Morocco,1988,25,29,25.08695652173913,172.5,58.75,3
MAR,Morocco,1992,24,45,23.636363636363637,177.2,66.51851851851852,3
MAR,Morocco,1996,28,38,25.473684210526315,174.37037037037038,64.53333333333333,2
MAR,Morocco,2000,28,55,24.636363636363637,175.32075471698113,66.1923076923077,5
MAR,Morocco,2004,28,57,25.49122807017544,174.4561403508772,64.78947368421052,3
MAR,Morocco,2008,35,49,26.897959183673468,172.73684210526315,64.08510638297872,2
MAR,Morocco,2012,40,67,25.73134328358209,174.33333333333334,66.23076923076923,1
MAR,Morocco,2016,39,52,26.48076923076923,173.3846153846154,64.61538461538461,1
MAS,Malaysia,1964,48,81,24.164556962025316,168.42424242424244,64.33333333333333,0
MAS,Malaysia,1968,14,35,24.571428571428573,172.6,64.2,0
MAS,Malaysia,1972,20,57,23.719298245614034,167.44444444444446,59.25,0
MAS,Malaysia,1976,9,25,25.2,172.16,61.8,0
MAS,Malaysia,1984,12,27,23.555555555555557,169.84615384615384,63.57692307692308,0
MAS,Malaysia,1988,15,17,20.88235294117647,172.92857142857142,63.5,0
MAS,Malaysia,1992,11,30,25.1,176.2941176470588,66.82352941176471,2
MAS,Malaysia-1,1996,21,43,22.72093023255814,176.5,69.83870967741936,3
MAS,Malaysia,2000,32,55,22.236363636363638,172.5,66.87037037037037,0
MAS,Malaysia,2004,31,38,22.842105263157894,169.39473684210526,65.23684210526316,0
MAS,Malaysia,2008,29,42,23.333333333333332,169.3095238095238,66.76923076923077,1
MAS,Malaysia,2012,25,38,23.210526315789473,167.57894736842104,62.8421052631579,2
MAS,Malaysia,2016,29,42,24.023809523809526,168.76190476190476,64.35714285714286,8
MAW,Malawi,1972,17,18,22.333333333333332,166.0,59.611111111111114,0
MAW,Malawi,1984,16,23,25.91304347826087,165.2173913043478,64.3913043478261,0
MAW,Malawi,1988,16,22,26.772727272727273,163.47619047619048,66.0,0
MAW,Malawi,1992,4,4,21.5,169.66666666666666,60.0,0
MAW,Malawi,1996,2,2,26.5,171.0,60.0,0
MAW,Malawi,2000,2,2,21.0,169.0,51.5,0
MAW,Malawi,2004,4,4,20.5,173.5,64.75,0
MAW,Malawi,2008,4,4,19.0,170.0,61.5,0
MAW,Malawi,2012,3,3,23.0,171.33333333333334,71.33333333333333,0
MAW,Malawi,2016,5,5,21.6,164.2,59.4,0
MDA,Moldova,1996,41,50,24.74,176.69230769230768,72.23809523809524,3
MDA,Moldova,2000,34,35,24.685714285714287,176.2941176470588,73.47058823529412,2
MDA,Moldova,2004,31,33,25.87878787878788,178.3030303030303,76.42424242424242,0
MDA,Moldova,2008,28,30,27.133333333333333,177.26666666666668,77.3,1
MDA,Moldova,2012,19,20,24.25,176.7,73.6,2
MDA,Moldova,2016,22,23,26.304347826086957,177.8695652173913,81.04347826086956,0
MDV,Maldives,1988,5,9,19.88888888888889,163.44444444444446,54.666666666666664,0
MDV,Maldives,1992,8,10,22.5,162.6,58.4,0
MDV,Maldives,1996,6,9,22.444444444444443,162.25,57.0,0
MDV,Maldives,2000,4,4,18.25,160.5,47.5,0
MDV,Maldives,2004,4,4,20.25,164.25,54.5,0
MDV,Maldives,2008,4,4,20.25,175.75,58.75,0
MDV,Maldives,2012,5,5,19.4,164.6,54.2,0
MDV,Maldives,2016,4,4,21.75,157.0,51.666666666666664,0
MEX,Mexico,1928,18,55,33.48275862068966,172.46153846153845,62.0,0
MEX,Mexico,1932,52,100,26.023255813953487,174.03174603174602,79.8,2
MEX,Mexico,1948,57,149,28.653333333333332,175.125,68.97058823529412,9
MEX,Mexico,1952,35,85,26.063291139240505,173.72727272727272,70.1,1
MEX,Mexico,1956,20,36,26.375,169.33333333333334,68.42857142857143,2
MEX,Mexico,1960,55,110,24.472727272727273,172.56363636363636,68.50909090909092,1
MEX,Mexico,1964,58,128,25.890625,173.65625,68.46875,1
MEX,Mexico,1968,146,446,22.486486486486488,170.75339366515837,64.99773755656109,9
MEX,Mexico,1972,112,281,22.565836298932386,170.25714285714287,64.92,1
MEX,Mexico,1976,54,137,23.912408759124087,174.1484375,68.2421875,2
MEX,Mexico,1980,43,74,24.43243243243243,167.13698630136986,60.25675675675676,10
MEX,Mexico,1984,87,155,23.92258064516129,170.83870967741936,63.5258064516129,6
MEX,Mexico,1988,82,144,23.90277777777778,175.52083333333334,66.72222222222223,2
MEX,Mexico,1992,71,140,24.142857142857142,174.29807692307693,67.82692307692308,1
MEX,Mexico,1996,57,111,24.765765765765767,171.4512195121951,64.98780487804878,1
MEX,Mexico,2000,67,98,25.653061224489797,172.22448979591837,63.724489795918366,6
MEX,Mexico,2004,68,137,25.751824817518248,170.67153284671534,64.95620437956204,4
MEX,Mexico,2008,73,103,25.66990291262136,170.05825242718447,65.33009708737865,4
MEX,Mexico,2012,75,119,25.15126050420168,171.40677966101694,67.03478260869565,24
MEX,Mexico,2016,80,139,25.366906474820144,172.9568345323741,67.46762589928058,5
MGL,Mongolia,1964,29,40,20.825,164.8684210526316,62.76315789473684,0
MGL,Mongolia,1968,26,38,22.44736842105263,162.10526315789474,60.5,4
MGL,Mongolia,1972,39,44,26.558139534883722,168.1860465116279,66.8780487804878,1
MGL,Mongolia,1976,29,33,26.3125,171.45454545454547,68.06060606060606,1
MGL,Mongolia,1980,41,57,23.54385964912281,167.78947368421052,63.78947368421053,4
MGL,Mongolia,1988,28,32,24.25,171.1875,67.3125,1
MGL,Mongolia,1992,31,38,25.026315789473685,173.95,69.18181818181819,2
MGL,Mongolia,1996,16,18,24.88888888888889,170.0625,67.9375,1
MGL,Mongolia,2000,21,23,25.956521739130434,170.7826086956522,71.02173913043478,0
MGL,Mongolia,2004,21,21,24.523809523809526,171.0952380952381,69.38095238095238,1
MGL,Mongolia,2008,29,31,26.161290322580644,169.8,66.88709677419355,4
MGL,Mongolia,2012,32,32,26.09375,170.16129032258064,66.40625,5
MGL,Mongolia,2016,41,46,26.717391304347824,169.06521739130434,68.42222222222222,2
MHL,Marshall Islands,2008,5,5,21.6,165.75,65.75,0
MHL,Marshall Islands,2012,4,4,20.5,173.75,74.75,0
MHL,Marshall Islands,2016,5,5,18.8,166.6,70.4,0
MKD,Macedonia,1996,16,16,20.8125,170.0,65.125,0
MKD,Macedonia,2000,15,15,20.933333333333334,175.2,66.33333333333333,1
MKD,Macedonia,2004,14,14,24.357142857142858,176.0,67.84615384615384,0
MKD,Macedonia,2008,7,7,23.857142857142858,173.71428571428572,70.57142857142857,0
MKD,Macedonia,2012,4,4,19.5,177.5,68.0,0
MKD,Macedonia,2016,6,6,22.166666666666668,170.33333333333334,62.333333333333336,0
MLI,Mali,1964,2,2,23.0,180.0,75.0,0
MLI,Mali,1968,2,2,26.0,182.0,87.5,0
MLI,Mali,1972,3,3,29.666666666666668,183.0,83.66666666666667,0
MLI,Mali,1980,7,7,25.0,177.66666666666666,69.4,0
MLI,Mali,1984,5,5,24.8,182.5,76.0,0
MLI,Mali,1988,8,8,21.428571428571427,186.0,82.0,0
MLI,Mali,1992,6,6,24.0,186.0,82.0,0
MLI,Mali,1996,4,4,26.5,185.0,82.66666666666667,0
MLI,Mali,2000,5,5,19.8,176.2,69.6,0
MLI,Mali,2004,6,21,21.476190476190474,180.5,69.25,0
MLI,Mali,2008,6,17,24.176470588235293,181.6875,71.4,0
MLI,Mali,2012,6,6,25.5,179.66666666666666,83.0,0
MLI,Mali,2016,6,6,26.833333333333332,175.66666666666666,70.4,0
MLT,Malta,1960,6,13,26.53846153846154,168.92307692307693,71.07692307692308,0
MLT,Malta,1968,1,1,33.0,169.0,72.0,0
MLT,Malta,1972,2,5,25.6,162.33333333333334,62.333333333333336,0
MLT,Malta,1980,5,12,25.916666666666668,168.7,57.1,0
MLT,Malta,1984,6,7,26.857142857142858,171.71428571428572,69.71428571428571,0
MLT,Malta,1988,6,6,23.666666666666668,167.5,63.833333333333336,0
MLT,Malta,1992,8,8,25.875,162.42857142857142,55.57142857142857,0
MLT,Malta,1996,10,10,26.1,175.2,69.8,0
MLT,Malta,2000,7,7,25.714285714285715,174.42857142857142,67.71428571428571,0
MLT,Malta,2004,7,7,22.571428571428573,171.57142857142858,70.28571428571429,0
MLT,Malta,2008,6,6,22.166666666666668,175.0,74.33333333333333,0
MLT,Malta,2012,5,5,24.4,174.0,72.8,0
MLT,Malta,2016,8,8,28.125,169.71428571428572,75.8,0
MNE,Montenegro,2008,8,20,27.45,187.7,91.45,0
MNE,Montenegro,2012,9,34,27.5,183.02941176470588,83.82352941176471,14
MNE,Montenegro,2016,9,35,27.6,182.4,83.11428571428571,0
MON,Monaco,1928,8,12,25.22222222222222,164.0,93.0,0
MON,Monaco,1936,5,11,34.111111111111114,166.66666666666666,87.66666666666667,0
MON,Monaco,1948,2,4,42.0,168.0,85.0,0
MON,Monaco,1952,6,10,44.5,174.5,79.5,0
MON,Damoiselle IV,1960,6,13,32.0,172.46153846153845,72.6923076923077,0
MON,Monaco,1964,1,1,24.0,164.0,78.0,0
MON,Monaco,1968,1,2,29.5,176.5,69.5,0
MON,Monaco,1972,4,5,40.0,177.0,75.6,0
MON,Monaco,1976,6,10,36.3,174.71428571428572,75.57142857142857,0
MON,Monaco,1984,7,8,31.875,181.625,76.625,0
MON,Monaco,1988,9,9,26.333333333333332,177.11111111111111,73.88888888888889,0
MON,Monaco,1992,4,4,20.75,165.0,58.0,0
MON,Monaco,1996,4,4,24.0,172.5,69.0,0
MON,Monaco,2000,4,4,25.75,177.5,71.25,0
MON,Monaco,2004,3,3,31.666666666666668,176.33333333333334,74.66666666666667,0
MON,Monaco,2008,5,5,29.0,174.8,75.4,0
MON,Monaco,2012,6,6,28.833333333333332,180.33333333333334,72.83333333333333,0
MON,Monaco,2016,8,8,25.75,180.875,77.375,0
MOZ,Mozambique,1980,16,16,24.8,170.0,61.0,0
MOZ,Mozambique,1984,11,14,25.571428571428573,176.0,65.84615384615384,0
MOZ,Mozambique,1988,12,12,20.666666666666668,170.0,68.75,0
MOZ,Mozambique,1992,7,7,21.714285714285715,170.4,64.5,0
MOZ,Mozambique,1996,3,3,23.666666666666668,170.5,65.0,1
MOZ,Mozambique,2000,4,4,23.5,166.75,63.75,1
MOZ,Mozambique,2004,4,4,21.75,174.5,66.5,0
MOZ,Mozambique,2008,4,4,23.5,174.75,66.75,0
MOZ,Mozambique,2012,6,6,22.166666666666668,172.33333333333334,65.6,0
MOZ,Mozambique,2016,7,8,24.125,173.875,68.125,0
MRI,Mauritius,1984,7,7,19.571428571428573,181.0,74.28571428571429,0
MRI,Mauritius,1988,9,11,24.90909090909091,175.0,68.27272727272727,0
MRI,Mauritius,1992,17,22,20.045454545454547,184.75,78.5,0
MRI,Mauritius,1996,23,36,23.86111111111111,175.95454545454547,71.1086956521739,0
MRI,Mauritius,2000,20,26,23.153846153846153,171.53846153846155,68.25,0
MRI,Mauritius,2004,9,9,24.22222222222222,172.44444444444446,67.55555555555556,0
MRI,Mauritius,2008,11,11,26.727272727272727,175.6,67.0909090909091,1
MRI,Mauritius,2012,10,11,24.09090909090909,171.36363636363637,62.81818181818182,0
MRI,Mauritius,2016,11,11,24.545454545454547,172.45454545454547,65.8,0
MTN,Mauritania,1984,2,2,24.0,180.0,87.0,0
MTN,Mauritania,1988,7,7,26.0,175.28571428571428,78.71428571428571,0
MTN,Mauritania,1992,6,6,25.833333333333332,178.4,69.6,0
MTN,Mauritania,1996,4,4,28.5,172.25,66.25,0
MTN,Mauritania,2000,2,2,17.0,164.0,66.0,0
MTN,Mauritania,2004,2,2,23.5,177.0,59.5,0
MTN,Mauritania,2008,2,2,20.5,169.5,60.0,0
MTN,Mauritania,2012,2,2,22.5,165.5,59.0,0
MTN,Mauritania,2016,2,2,27.5,170.5,63.5,0
MYA,Myanmar,1952,5,5,22.8,162.5,61.333333333333336,0
MYA,Myanmar,1956,11,12,24.6,166.28571428571428,62.375,0
MYA,Myanmar,1960,9,10,28.0,165.44444444444446,61.77777777777778,0
MYA,Myanmar,1964,11,12,26.0,167.66666666666666,61.666666666666664,0
MYA,Myanmar,1968,3,4,26.5,167.75,54.5,0
MYA,Myanmar,1972,7,19,23.263157894736842,168.42105263157896,58.68421052631579,0
MYA,Myanmar,1980,2,2,28.5,163.5,69.0,0
MYA,Myanmar,1984,1,1,26.0,167.0,60.0,0
MYA,Myanmar,1988,3,3,26.666666666666668,161.66666666666666,43.333333333333336,0
MYA,Myanmar,1992,5,5,27.0,163.0,47.5,0
MYA,Myanmar,1996,3,3,37.666666666666664,163.5,47.0,0
MYA,Myanmar,2000,7,7,23.714285714285715,160.28571428571428,53.57142857142857,0
MYA,Myanmar,2004,2,2,26.5,157.5,52.5,0
MYA,Myanmar,2008,7,7,24.714285714285715,167.42857142857142,65.0,0
MYA,Myanmar,2012,6,6,28.0,165.16666666666666,60.5,0
MYA,Myanmar,2016,8,8,27.125,170.71428571428572,62.714285714285715,0
NAM,Namibia,1992,9,10,21.9,179.14285714285714,70.42857142857143,2
NAM,Namibia,1996,10,10,26.9,176.375,69.0,2
NAM,Namibia,2000,16,16,26.125,170.625,62.625,0
NAM,Namibia,2004,9,10,32.8,173.6,70.4,0
NAM,Namibia,2008,10,11,29.454545454545453,172.1,59.81818181818182,0
NAM,Namibia,2012,8,9,27.444444444444443,170.44444444444446,59.333333333333336,0
NAM,Namibia,2016,9,11,30.90909090909091,171.54545454545453,58.63636363636363,0
NCA,Nicaragua,1968,15,16,22.6875,169.5625,65.1875,0
NCA,Nicaragua,1972,10,10,23.4,163.6,59.7,0
NCA,Nicaragua,1976,19,25,20.058823529411764,170.27272727272728,65.36363636363636,0
NCA,Nicaragua,1980,6,6,17.333333333333332,162.83333333333334,52.333333333333336,0
NCA,Nicaragua,1984,5,5,23.4,172.6,68.2,0
NCA,Nicaragua,1992,9,9,25.22222222222222,174.66666666666666,60.2,0
NCA,Nicaragua,1996,9,28,26.214285714285715,176.0,76.8,0
NCA,Nicaragua,2000,6,6,26.166666666666668,176.75,72.6,0
NCA,Nicaragua,2004,6,6,23.333333333333332,168.16666666666666,60.333333333333336,0
NCA,Nicaragua,2008,7,7,26.714285714285715,168.66666666666666,71.5,0
NCA,Nicaragua,2012,6,6,24.666666666666668,173.75,63.0,0
NCA,Nicaragua,2016,5,5,21.4,170.8,60.6,0
NED,Netherlands,1908,45,218,25.701834862385322,188.2,74.0,16
NED,Netherlands,1920,58,213,31.568075117370892,184.0,78.0,50
NED,Netherlands,1924,81,246,29.6260162601626,174.42857142857142,69.72727272727273,27
NED,Netherlands,1928,103,384,30.72584856396867,176.75,69.08333333333333,57
NED,Netherlands,1932,29,80,37.1875,175.33333333333334,74.33333333333333,13
NED,Netherlands,1936,75,227,31.24778761061947,178.33333333333334,74.625,37
NED,Netherlands,1948,74,187,28.483695652173914,177.28571428571428,71.06666666666666,42
NED,Netherlands,1952,57,180,25.305555555555557,174.84615384615384,70.92857142857143,18
NED,Netherlands,1960,54,160,22.93125,174.61875,69.88125,3
NED,Netherlands,1964,57,158,23.474683544303797,179.9620253164557,75.14556962025317,31
NED,Netherlands,1968,52,140,23.65,178.77142857142857,74.55,14
NED,Netherlands,1972,72,199,22.5678391959799,177.87179487179486,72.12658227848101,6
NED,Netherlands,1976,58,175,22.611428571428572,175.43396226415095,68.35849056603773,14
NED,Netherlands,1980,56,112,23.071428571428573,182.91964285714286,77.48214285714286,6
NED,Netherlands,1984,74,185,24.10810810810811,179.71098265895955,73.0635838150289,41
NED,Netherlands,1988,86,202,25.044554455445546,180.915,74.5,45
NED,Netherlands,1992,105,257,25.420233463035018,180.96428571428572,73.82142857142857,33
NED,Netherlands,1996,94,290,26.30344827586207,183.89954337899545,77.20547945205479,73
NED,Netherlands,2000,95,285,27.24561403508772,181.99649122807017,75.57894736842105,79
NED,Netherlands,2004,99,264,26.651515151515152,181.18560606060606,75.0719696969697,77
NED,Netherlands,2008,98,283,26.685512367491167,180.98586572438163,75.12720848056537,61
NED,Netherlands,2012,95,222,27.135135135135137,179.7882882882883,73.40090090090091,69
NED,Netherlands,2016,122,329,26.747720364741642,177.7629179331307,70.66869300911854,47
NEP,Nepal,1964,5,6,21.333333333333332,159.0,57.75,0
NEP,Nepal,1976,1,1,23.0,162.0,50.0,0
NEP,Nepal,1980,9,10,23.6,164.22222222222223,54.4,0
NEP,Nepal,1984,8,10,27.0,164.5,55.8,0
NEP,Nepal,1988,17,20,25.142857142857142,164.8,55.9,0
NEP,Nepal,1992,2,2,26.0,167.0,57.0,0
NEP,Nepal,1996,6,6,26.0,160.0,73.33333333333333,0
NEP,Nepal,2000,5,5,25.2,159.4,51.0,0
NEP,Nepal,2004,6,6,26.666666666666668,164.83333333333334,56.0,0
NEP,Nepal,2008,8,8,27.125,163.125,61.625,0
NEP,Nepal,2012,5,5,21.0,162.8,59.8,0
NEP,Nepal,2016,7,7,22.285714285714285,163.57142857142858,59.285714285714285,0
NFL,Newfoundland,1904,1,1,21.0,170.0,57.0,0
NGR,Nigeria,1956,6,14,26.666666666666668,185.0,77.0,0
NGR,Nigeria,1960,12,15,23.666666666666668,176.2,67.73333333333333,0
NGR,Nigeria,1964,12,19,24.42105263157895,174.94444444444446,66.16666666666667,1
NGR,Nigeria,1968,18,46,24.02173913043478,169.84782608695653,64.26086956521739,0
NGR,Nigeria,1972,24,36,25.257142857142856,172.58823529411765,68.8529411764706,1
NGR,Nigeria,1980,22,56,23.142857142857142,174.49019607843138,65.94871794871794,0
NGR,Nigeria,1984,24,36,23.13888888888889,175.91666666666666,73.52777777777777,5
NGR,Nigeria,1988,44,86,23.547619047619047,174.68,73.58620689655173,0
NGR,Nigeria,1992,34,72,22.319444444444443,174.59459459459458,71.525,11
NGR,Nigeria,1996,38,84,23.13095238095238,177.15277777777777,71.06849315068493,24
NGR,Nigeria,2000,37,100,23.89,173.59,69.905,8
NGR,Nigeria,2004,31,79,24.329113924050635,173.9090909090909,69.4493670886076,8
NGR,Nigeria,2008,36,89,23.797752808988765,171.89411764705883,71.15730337078652,23
NGR,Nigeria,2012,31,58,25.086206896551722,179.5686274509804,75.38461538461539,0
NGR,Nigeria,2016,36,77,25.61038961038961,177.61333333333334,76.46666666666667,18
NIG,Niger,1984,4,4,24.5,175.0,64.5,0
NIG,Niger,2004,4,4,21.0,170.0,67.0,0
NIG,Niger,2012,6,6,23.666666666666668,172.83333333333334,64.6,0
NIG,Niger,2016,6,6,20.833333333333332,179.16666666666666,70.33333333333333,1
NOR,Norway,1906,12,55,27.490909090909092,172.5,80.0,25
NOR,Norwegian Rowing Association,1908,23,103,26.87378640776699,173.6,74.70588235294117,42
NOR,Norway,1912,58,263,27.007604562737644,175.3111111111111,70.15555555555555,80
NOR,Norway,1920,72,267,30.928838951310862,176.88,75.54545454545455,137
NOR,Norway,1924,43,105,32.19047619047619,177.21428571428572,74.58333333333333,22
NOR,Noreg,1928,42,79,32.10126582278481,180.72222222222223,81.0,9
NOR,Norway,1932,8,8,29.625,174.0,71.25,0
NOR,Silja,1936,43,84,28.773809523809526,181.14285714285714,81.44444444444444,28
NOR,Norway,1948,50,97,31.061855670103093,182.94444444444446,79.58823529411765,18
NOR,Norway,1952,72,190,29.710526315789473,176.92307692307693,73.64285714285714,13
NOR,Norway,1956,18,29,36.275862068965516,178.0,75.0,3
NOR,Norway,1960,39,50,28.28,177.44,73.76,2
NOR,Norway,1964,23,43,26.25581395348837,178.78048780487805,72.85365853658537,0
NOR,Norway,1968,36,86,22.546511627906977,173.3139534883721,67.97674418604652,6
NOR,Norway,1972,70,161,24.167701863354036,177.29192546583852,71.22981366459628,8
NOR,Norway,1976,44,79,24.10126582278481,182.70886075949366,78.78481012658227,6
NOR,Norway,1984,76,132,24.507575757575758,179.5,72.93846153846154,4
NOR,Norway,1988,42,79,24.9873417721519,178.96153846153845,74.2051282051282,22
NOR,Norway,1992,64,114,23.63157894736842,179.24545454545455,73.5909090909091,23
NOR,Norway,1996,65,116,25.482758620689655,177.50434782608696,73.49565217391304,23
NOR,Norway,2000,54,115,27.234782608695653,177.5304347826087,73.4695652173913,43
NOR,Norway,2004,35,60,29.266666666666666,180.06666666666666,78.1,7
NOR,Norway,2008,49,102,28.235294117647058,176.55882352941177,71.87777777777778,22
NOR,Norway,2012,46,69,27.333333333333332,179.7826086956522,71.36170212765957,17
NOR,Norway,2016,53,77,26.714285714285715,178.7012987012987,69.91228070175438,19
NRU,Nauru,1996,3,3,22.666666666666668,160.0,75.83333333333333,0
NRU,Nauru,2000,2,2,26.5,165.0,75.25,0
NRU,Nauru,2004,3,3,19.666666666666668,166.66666666666666,117.66666666666667,0
NRU,Nauru,2008,1,1,21.0,175.0,148.0,0
NRU,Nauru,2012,2,2,27.0,174.5,110.5,0
NRU,Nauru,2016,2,2,25.0,162.5,73.0,0
NZL,New Zealand,1924,6,6,19.833333333333332,168.33333333333334,63.0,1
NZL,New Zealand,1928,12,13,21.0,177.0,73.0,1
NZL,New Zealand,1932,15,29,24.96551724137931,166.33333333333334,58.333333333333336,2
NZL,New Zealand,1936,9,9,22.0,172.66666666666666,65.33333333333333,1
NZL,New Zealand,1948,8,8,23.5,178.2,65.0,0
NZL,New Zealand,1952,14,20,23.7,179.75,77.0,3
NZL,New Zealand,1956,28,57,25.19298245614035,177.05882352941177,73.0,3
NZL,New Zealand,1960,28,47,24.914893617021278,177.86666666666667,73.35897435897436,3
NZL,New Zealand,1964,35,88,25.46590909090909,176.27272727272728,72.75,6
NZL,New Zealand,1968,26,65,24.107692307692307,177.47692307692307,76.72307692307692,7
NZL,New Zealand,1972,63,112,24.705357142857142,177.82142857142858,75.8955223880597,14
NZL,New Zealand,1976,52,98,24.653061224489797,177.6595744680851,72.72222222222223,25
NZL,New Zealand,1980,5,7,26.428571428571427,180.57142857142858,82.2,0
NZL,New Zealand,1984,76,162,24.765432098765434,177.99382716049382,73.937106918239,23
NZL,New Zealand,1988,58,112,27.116071428571427,179.08653846153845,74.52941176470588,24
NZL,New Zealand,1992,87,175,26.394285714285715,178.91304347826087,74.1010101010101,15
NZL,New Zealand,1996,81,129,25.635658914728683,180.2,77.52857142857142,9
NZL,New Zealand,2000,95,177,27.141242937853107,176.93785310734464,75.55932203389831,4
NZL,New Zealand,2004,84,184,26.559782608695652,178.7445652173913,74.53260869565217,6
NZL,New Zealand,2008,78,201,26.487562189054728,178.30348258706468,74.86069651741293,15
NZL,New Zealand,2012,87,204,26.08823529411765,178.09313725490196,73.40322580645162,27
NZL,New Zealand,2016,100,232,26.03448275862069,177.29310344827587,74.25652173913043,36
OMA,Oman,1984,14,22,22.375,167.42857142857142,66.66666666666667,0
OMA,Oman,1988,9,13,25.0,169.69230769230768,64.07692307692308,0
OMA,Oman,1992,5,5,26.4,171.6,63.4,0
OMA,Oman,1996,5,5,25.8,175.0,68.0,0
OMA,Oman,2000,5,8,28.25,171.75,68.5,0
OMA,Oman,2004,2,2,30.5,166.0,62.5,0
OMA,Oman,2008,4,4,26.75,169.75,66.0,0
OMA,Oman,2012,3,3,23.333333333333332,168.33333333333334,65.66666666666667,0
OMA,Oman,2016,4,4,25.75,172.0,70.0,0
PAK,Pakistan,1948,20,44,24.38888888888889,175.0,77.66666666666667,0
PAK,Pakistan,1952,25,51,25.176470588235293,180.5,75.4,0
PAK,Pakistan,1956,43,79,26.491803278688526,175.92857142857142,73.83870967741936,14
PAK,Pakistan,1960,35,53,27.20754716981132,174.22641509433961,71.45283018867924,14
PAK,Pakistan,1964,29,47,26.76086956521739,173.61363636363637,71.22727272727273,16
PAK,Pakistan,1968,3,15,25.466666666666665,169.26666666666668,70.0,13
PAK,Pakistan,1972,12,26,24.192307692307693,173.52173913043478,72.80434782608695,15
PAK,Pakistan,1976,9,24,25.565217391304348,173.78947368421052,67.825,16
PAK,Pakistan,1984,15,33,24.181818181818183,174.06060606060606,69.36363636363636,16
PAK,Pakistan,1988,15,33,23.03125,174.86666666666667,67.83870967741936,1
PAK,Pakistan,1992,12,28,23.785714285714285,174.73333333333332,69.13333333333334,16
PAK,Pakistan,1996,9,24,23.791666666666668,175.23076923076923,70.3076923076923,0
PAK,Pakistan,2000,11,27,24.37037037037037,174.80769230769232,68.42307692307692,0
PAK,Pakistan,2004,11,26,25.346153846153847,173.57692307692307,67.57692307692308,0
PAK,Pakistan,2008,7,22,24.0,172.13636363636363,63.36363636363637,0
PAK,Pakistan,2012,6,21,25.666666666666668,171.375,64.875,0
PAK,Pakistan,2016,7,7,22.857142857142858,172.2,76.6,0
PAN,Panama,1948,2,2,26.0,185.0,73.0,2
PAN,Panama,1960,4,8,23.0,160.25,53.0,0
PAN,Panama,1964,10,15,23.266666666666666,163.46666666666667,59.53333333333333,0
PAN,Panama,1968,5,16,25.8125,181.8125,75.625,0
PAN,Panama,1972,8,8,27.0,174.5,69.28571428571429,0
PAN,Panama,1976,13,13,21.0,172.22222222222223,67.11111111111111,0
PAN,Panama,1984,10,10,21.666666666666668,171.55555555555554,71.22222222222223,0
PAN,Panama,1988,9,9,23.88888888888889,170.0,66.44444444444444,0
PAN,Panama,1992,7,7,28.0,165.0,59.666666666666664,0
PAN,Panama,1996,9,9,22.444444444444443,176.4,88.0,0
PAN,Panama,2000,7,7,24.142857142857142,174.57142857142858,74.71428571428571,0
PAN,Panama,2004,5,5,22.4,181.2,75.8,0
PAN,Panama,2008,5,5,23.6,176.6,63.8,1
PAN,Panama,2012,8,8,22.875,176.28571428571428,68.28571428571429,0
PAN,Panama,2016,14,14,27.428571428571427,165.21428571428572,63.785714285714285,0
PAR,Paraguay,1972,3,3,25.666666666666668,173.0,74.0,0
PAR,Paraguay,1976,6,6,27.833333333333332,172.66666666666666,71.33333333333333,0
PAR,Paraguay,1984,15,18,27.555555555555557,174.28571428571428,69.35714285714286,0
PAR,Paraguay,1988,11,13,27.384615384615383,175.75,70.125,0
PAR,Paraguay,1992,12,31,19.903225806451612,177.83333333333334,76.44444444444444,0
PAR,Paraguay,1996,7,7,22.571428571428573,184.5,96.0,0
PAR,Paraguay,2000,5,5,20.0,173.5,69.25,0
PAR,Paraguay,2004,6,22,23.272727272727273,179.6818181818182,75.0,17
PAR,Paraguay,2008,7,7,22.285714285714285,173.85714285714286,74.85714285714286,0
PAR,Paraguay,2012,10,10,22.9,179.77777777777777,72.7,0
PAR,Paraguay,2016,11,11,29.545454545454547,173.9090909090909,71.9090909090909,0
PER,Peru,1936,16,46,23.377777777777776,172.5,62.5,0
PER,Peru,1948,26,49,27.130434782608695,176.5,81.8,1
PER,Peru,1956,5,10,32.285714285714285,170.33333333333334,75.83333333333333,0
PER,Peru,1960,8,33,26.727272727272727,172.6060606060606,73.51515151515152,0
PER,Peru,1964,19,40,26.125,179.7,77.9,0
PER,Peru,1968,21,33,24.060606060606062,171.54545454545453,67.66666666666667,0
PER,Peru,1972,25,31,22.225806451612904,172.25,71.85714285714286,0
PER,Peru,1976,3,14,21.571428571428573,170.21428571428572,62.857142857142854,0
PER,Peru,1980,26,38,22.63157894736842,172.55263157894737,70.94736842105263,0
PER,Peru,1984,29,44,21.704545454545453,175.3181818181818,69.5909090909091,1
PER,Peru,1988,15,26,24.615384615384617,176.34615384615384,71.11538461538461,12
PER,Peru,1992,18,21,24.666666666666668,176.9,77.3,1
PER,Peru,1996,22,33,23.939393939393938,173.35,72.5,0
PER,Peru,2000,12,22,26.5,174.95454545454547,70.4090909090909,0
PER,Peru,2004,14,14,26.642857142857142,175.85714285714286,74.78571428571429,0
PER,Peru,2008,13,13,24.923076923076923,175.25,79.83333333333333,0
PER,Peru,2012,14,16,24.3125,169.0625,62.8125,0
PER,Peru,2016,28,34,25.705882352941178,168.52941176470588,62.088235294117645,0
PHI,Philippines,1928,6,6,22.75,170.0,73.0,1
PHI,Philippines,1932,7,8,23.125,170.0,73.0,3
PHI,Philippines,1936,20,40,23.34285714285714,176.28571428571428,65.33333333333333,1
PHI,Philippines,1948,18,31,30.36842105263158,177.33333333333334,59.5,0
PHI,Philippines,1952,14,28,28.428571428571427,175.375,58.916666666666664,0
PHI,Philippines,1956,30,48,30.476190476190474,176.84615384615384,64.04545454545455,0
PHI,Philippines,1960,27,49,25.4375,171.42857142857142,64.59183673469387,0
PHI,Kalayaan,1964,45,70,25.771428571428572,166.81159420289856,60.27536231884058,1
PHI,Philippines,1968,53,89,24.34090909090909,173.0681818181818,64.72727272727273,0
PHI,Philippines,1972,47,79,24.532467532467532,171.77027027027026,66.30985915492958,0
PHI,Philippines,1976,21,22,25.166666666666668,167.2941176470588,57.0,0
PHI,Philippines,1984,28,32,23.419354838709676,168.41935483870967,59.193548387096776,0
PHI,Philippines,1988,40,42,22.071428571428573,169.38095238095238,63.11904761904762,1
PHI,Philippines,1992,29,38,24.8,169.16666666666666,61.041666666666664,1
PHI,Philippines,1996,18,18,26.733333333333334,167.9090909090909,55.72727272727273,1
PHI,Philippines,2000,22,22,21.818181818181817,165.85,59.3,0
PHI,Philippines,2004,21,21,22.333333333333332,170.65,67.33333333333333,0
PHI,Philippines,2008,17,17,22.941176470588236,168.2941176470588,63.411764705882355,0
PHI,Philippines,2012,11,11,25.272727272727273,167.1818181818182,67.63636363636364,0
PHI,Philippines,2016,13,13,24.846153846153847,164.58333333333334,60.76923076923077,1
PLE,Palestine,1996,1,1,33.0,180.0,76.0,0
PLE,Palestine,2000,2,2,22.5,170.0,63.5,0
PLE,Palestine,2004,3,3,20.333333333333332,167.66666666666666,62.0,0
PLE,Palestine,2008,4,4,20.75,163.0,58.666666666666664,0
PLE,Palestine,2012,5,5,21.6,171.2,63.0,0
PLE,Palestine,2016,6,6,29.0,171.5,64.25,0
PLW,Palau,2000,5,5,21.2,162.0,57.0,0
PLW,Palau,2004,4,4,25.75,167.75,69.0,0
PLW,Palau,2008,5,5,23.2,165.4,69.8,0
PLW,Palau,2012,5,5,21.4,163.4,59.0,0
PLW,Palau,2016,6,6,22.5,168.0,78.5,0
PNG,Papua New Guinea,1976,8,9,23.333333333333332,167.44444444444446,57.111111111111114,0
PNG,Papua New Guinea,1984,12,12,26.0,168.83333333333334,58.083333333333336,0
PNG,Papua New Guinea,1988,15,15,24.307692307692307,167.25,62.357142857142854,0
PNG,Papua New Guinea,1992,16,19,24.0,168.76470588235293,62.833333333333336,0
PNG,Papua New Guinea,1996,11,17,23.176470588235293,171.125,64.47058823529412,0
PNG,Papua New Guinea,2000,5,5,18.6,168.0,62.5,0
PNG,Papua New Guinea,2004,6,6,21.666666666666668,181.16666666666666,80.33333333333333,0
PNG,Papua New Guinea,2008,9,9,24.555555555555557,175.88888888888889,71.33333333333333,0
PNG,Papua New Guinea,2012,8,8,24.625,169.0,68.125,0
PNG,Papua New Guinea,2016,8,8,26.25,171.5,65.0,0
POL,Poland,1924,38,100,27.645833333333332,173.86274509803923,70.84313725490196,5
POL,Poland,1928,44,146,35.05673758865248,174.67307692307693,70.53703703703704,20
POL,Poland,1932,21,71,30.46969696969697,172.06666666666666,72.53333333333333,21
POL,Poland,1936,55,177,29.36416184971098,173.44303797468353,70.54545454545455,12
POL,Poland,1948,28,52,36.25,175.96153846153845,73.57692307692308,2
POL,Poland,1952,74,248,25.044354838709676,168.2775119617225,63.95734597156398,4
POL,Poland,1956,48,118,23.779661016949152,167.82857142857142,64.96698113207547,19
POL,Poland,1960,108,307,25.247557003257327,172.2540716612378,68.72801302931596,30
POL,Poland,1964,87,240,25.729166666666668,172.59583333333333,69.16458333333334,46
POL,Poland,1968,112,296,24.64189189189189,173.94594594594594,69.2483108108108,37
POL,Poland,1972,150,418,24.406698564593302,174.54784688995215,70.30263157894737,46
POL,Poland,1976,116,286,25.13986013986014,176.0,72.29545454545455,73
POL,Poland,1980,162,418,24.1866028708134,175.73205741626793,70.51315789473684,50
POL,Poland,1988,105,192,25.494791666666668,177.17708333333334,73.82552083333333,21
POL,Poland,1992,136,263,24.254752851711025,178.0722433460076,73.92395437262357,46
POL,Poland,1996,126,207,25.507246376811594,179.03381642512076,74.45410628019323,22
POL,Poland,2000,133,240,25.4375,178.3125,75.66458333333334,24
POL,Poland,2004,124,224,25.4375,179.63839285714286,75.66741071428571,12
POL,Poland,2008,165,316,26.411392405063292,179.38141025641025,74.8798076923077,20
POL,Poland,2012,148,256,26.4609375,179.5625,74.689453125,12
POL,Poland,2016,144,289,27.06574394463668,180.5363321799308,75.49826989619378,16
POR,Portugal,1924,16,47,32.21951219512195,172.85714285714286,59.0,4
POR,Portugal,1928,14,39,28.842105263157894,166.5,59.5,6
POR,Portugal,1936,10,26,34.73076923076923,167.33333333333334,62.0,3
POR,Portugal,1948,22,65,33.297872340425535,169.25,69.85714285714286,5
POR,Portugal,1952,45,155,28.258064516129032,171.45454545454547,70.95454545454545,2
POR,Faneca,1956,7,18,35.46666666666667,172.5,73.5,0
POR,Portugal,1960,52,109,27.477064220183486,171.23853211009174,70.20183486238533,2
POR,Portugal,1964,20,25,29.08,167.77272727272728,69.81818181818181,0
POR,Portugal,1968,24,33,26.03030303030303,168.24242424242425,66.93939393939394,0
POR,Portugal,1972,28,41,30.5609756097561,173.41176470588235,70.20588235294117,0
POR,Portugal,1976,27,36,20.916666666666668,171.7826086956522,65.73913043478261,2
POR,Portugal,1980,17,18,21.444444444444443,168.83333333333334,57.94444444444444,0
POR,Portugal,1984,32,48,25.5625,172.54166666666666,65.83333333333333,3
POR,Portugal,1988,59,91,23.252747252747252,173.32222222222222,65.84444444444445,1
POR,Portugal,1992,71,115,24.982608695652175,173.71052631578948,67.32456140350877,0
POR,Portugal,1996,79,131,23.702290076335878,174.5909090909091,67.27027027027027,3
POR,Portugal,2000,50,64,27.640625,177.53125,71.703125,2
POR,Portugal,2004,63,93,25.602150537634408,176.46236559139786,70.40322580645162,3
POR,Portugal,2008,65,87,27.82758620689655,174.11494252873564,68.29310344827586,2
POR,Portugal,2012,75,98,27.836734693877553,173.01020408163265,67.36224489795919,2
POR,Portugal,2016,61,106,27.87735849056604,175.79245283018867,69.40566037735849,1
PRK,North Korea,1972,23,83,25.02409638554217,164.3827160493827,61.81012658227848,15
PRK,North Korea,1976,21,40,25.0,170.775,68.975,2
PRK,North Korea,1980,40,121,20.71900826446281,158.19834710743802,53.446280991735534,5
PRK,North Korea,1992,53,123,21.15447154471545,165.5909090909091,61.026041666666664,10
PRK,North Korea-1,1996,25,36,21.88888888888889,161.44,56.54938271604938,5
PRK,North Korea,2000,34,47,23.319148936170212,160.47826086956522,54.46453900709219,4
PRK,North Korea,2004,34,71,20.802816901408452,153.95774647887325,48.11971830985915,5
PRK,North Korea,2008,38,66,23.921875,161.86363636363637,57.015151515151516,6
PRK,North Korea,2012,27,57,22.017543859649123,162.6140350877193,57.666666666666664,6
PRK,North Korea,2016,28,38,25.342105263157894,160.6315789473684,58.3421052631579,7
PUR,Puerto Rico,1948,8,9,23.88888888888889,181.0,94.0,1
PUR,Puerto Rico,1952,19,23,28.52173913043478,177.0,69.42857142857143,0
PUR,Puerto Rico,1956,9,14,22.90909090909091,176.9,65.4,0
PUR,Puerto Rico,1960,13,29,25.06896551724138,180.0,74.75862068965517,0
PUR,Puerto Rico,1964,29,45,22.866666666666667,177.6888888888889,71.77777777777777,0
PUR,Puerto Rico,1968,54,99,22.8989898989899,175.45454545454547,70.0,0
PUR,Puerto Rico,1972,37,60,25.483333333333334,178.60344827586206,76.64912280701755,0
PUR,Puerto Rico,1976,74,112,22.883928571428573,175.78947368421052,69.73684210526316,1
PUR,Puerto Rico,1980,3,3,19.0,169.33333333333334,57.333333333333336,0
PUR,Puerto Rico,1984,45,58,24.50877192982456,172.7719298245614,67.45614035087719,2
PUR,Puerto Rico,1988,44,56,23.732142857142858,187.3913043478261,78.28125,0
PUR,Puerto Rico,1992,57,101,24.603960396039604,180.75384615384615,76.5223880597015,1
PUR,Puerto Rico,1996,60,91,26.076923076923077,177.24074074074073,77.27450980392157,1
PUR,Puerto Rico,2000,31,38,25.394736842105264,172.3421052631579,68.6842105263158,0
PUR,Puerto Rico,2004,38,52,26.442307692307693,179.82692307692307,74.96153846153847,0
PUR,Puerto Rico,2008,31,31,22.838709677419356,175.67741935483872,70.87096774193549,0
PUR,Puerto Rico,2012,25,28,23.285714285714285,178.5,72.3529411764706,2
PUR,Puerto Rico,2016,27,41,25.658536585365855,177.5,66.35,1
QAT,Qatar,1984,8,26,20.636363636363637,171.96,67.68,0
QAT,Qatar,1988,10,13,22.545454545454547,176.76923076923077,70.38461538461539,0
QAT,Qatar,1992,11,30,20.7,178.92307692307693,75.38461538461539,1
QAT,Qatar,1996,10,13,23.153846153846153,178.66666666666666,75.16666666666667,0
QAT,Qatar,2000,14,19,23.263157894736842,180.61111111111111,78.71052631578948,1
QAT,Qatar,2004,14,15,22.133333333333333,182.33333333333334,76.36666666666666,0
QAT,Qatar,2008,14,20,24.15,174.45,68.9,0
QAT,Qatar,2012,13,14,22.642857142857142,171.14285714285714,65.71428571428571,2
QAT,Qatar,2016,20,42,26.976190476190474,184.14285714285714,82.52380952380952,1
RHO,Rhodesia,1960,11,12,25.5,169.33333333333334,65.41666666666667,0
ROT,Refugee Olympic Athletes,2016,12,12,23.916666666666668,169.91666666666666,63.416666666666664,0
ROU,Romania,1952,67,241,24.88702928870293,171.69565217391303,69.62962962962963,4
ROU,Romania,1956,39,103,23.783132530120483,164.49122807017545,63.07017543859649,19
ROU,Romania,1960,65,156,24.576923076923077,168.89102564102564,67.11538461538461,15
ROU,Romania,1964,76,232,25.564655172413794,171.36206896551724,68.45258620689656,16
ROU,Romania,1968,64,100,25.36,175.23,72.73,23
ROU,Romania,1972,102,258,24.15891472868217,174.32244897959183,69.86475409836065,40
ROU,Romania,1976,92,255,23.564705882352943,172.61811023622047,68.23622047244095,55
ROU,Romania,1980,135,339,24.33234421364985,174.06489675516224,69.08259587020649,68
ROU,Romania,1984,86,193,23.088082901554404,170.73056994818654,67.52331606217616,106
ROU,Romania,1988,59,172,21.941860465116278,167.8139534883721,63.20348837209303,58
ROU,Romania,1992,128,306,22.313725490196077,175.08333333333334,70.22010869565217,53
ROU,Romania,1996,122,284,23.003521126760564,172.70348837209303,66.90285714285714,38
ROU,Romania,2000,116,252,23.595238095238095,172.88492063492063,67.13690476190476,46
ROU,Romania,2004,88,193,24.761658031088082,170.29533678756476,64.3238341968912,39
ROU,Romania,2008,80,172,24.308139534883722,170.22674418604652,63.99418604651163,22
ROU,Romania,2012,75,155,25.096774193548388,173.75483870967741,71.17518248175182,16
ROU,Romania,2016,62,121,26.56198347107438,176.4793388429752,69.48760330578513,16
RSA,South Africa,1908,15,33,26.59090909090909,170.0,61.0,2
RSA,South Africa,1912,21,56,30.964285714285715,176.5,67.25,7
RSA,South Africa,1920,34,97,30.48611111111111,177.33333333333334,67.5,21
RSA,South Africa,1924,25,44,27.75,175.6,61.2,3
RSA,South Africa,1928,25,40,22.457142857142856,180.6,71.6,6
RSA,South Africa,1932,18,20,25.055555555555557,177.72727272727272,67.66666666666667,5
RSA,South Africa,1936,27,54,24.073170731707318,189.0,81.0,1
RSA,South Africa,1948,34,43,25.609756097560975,175.42857142857142,74.16666666666667,6
RSA,South Africa,1952,59,109,25.128440366972477,183.5,73.25,14
RSA,South Africa,1956,50,90,24.811764705882354,181.05555555555554,76.05555555555556,7
RSA,South Africa,1960,46,72,26.13888888888889,178.25714285714287,75.0,3
RSA,South Africa,1992,87,141,25.74468085106383,177.04761904761904,72.9375,3
RSA,South Africa,1996,62,111,24.00900900900901,178.20987654320987,70.46913580246914,5
RSA,South Africa,2000,68,161,24.919254658385093,179.6024844720497,75.3416149068323,5
RSA,South Africa,2004,68,128,25.4296875,178.4375,74.6953125,10
RSA,South Africa,2008,89,179,24.860335195530727,176.3687150837989,71.11731843575419,1
RSA,South Africa,2012,65,145,25.358620689655172,177.09655172413792,71.26573426573427,9
RSA,South Africa,2016,70,155,25.303225806451614,176.88888888888889,71.09933774834437,23
RUS,Russia,1908,7,7,33.0,177.0,91.0,3
RUS,Russia,1912,62,266,28.572139303482587,173.2173913043478,71.11904761904762,14
RUS,Russia,1996,212,552,24.268115942028984,176.40489642184556,71.05754716981131,115
RUS,Russia,2000,238,602,25.229235880398672,177.14214046822744,71.35451505016722,187
RUS,Russia,2004,235,593,26.040472175379428,176.16694772344013,70.7158516020236,189
RUS,Russia-2,2008,242,600,25.415,176.9732441471572,70.99247491638796,142
RUS,Russia,2012,238,549,25.444444444444443,177.71948998178507,70.62340036563072,140
RUS,Russia,2016,181,406,25.423645320197043,176.38059701492537,69.39303482587064,115
RWA,Rwanda,1984,6,6,25.0,165.5,59.5,0
RWA,Rwanda,1988,7,8,23.0,164.0,57.75,0
RWA,Rwanda,1992,8,10,23.714285714285715,170.0,63.333333333333336,0
RWA,Rwanda,1996,4,4,22.5,175.5,60.333333333333336,0
RWA,Rwanda,2000,5,5,21.8,175.5,63.5,0
RWA,Rwanda,2004,5,5,26.0,169.75,59.25,0
RWA,Rwanda,2008,4,4,24.75,172.0,61.25,0
RWA,Rwanda,2012,7,7,23.714285714285715,166.71428571428572,61.0,0
RWA,Rwanda,2016,7,7,27.285714285714285,162.5,59.0,0
SAA,Saar,1952,32,93,25.06451612903226,159.66666666666666,55.0,0
SAM,Samoa,1984,9,9,26.555555555555557,183.0,94.6,0
SAM,Samoa,1988,11,11,23.0,172.27272727272728,73.45454545454545,0
SAM,Samoa,1992,5,5,24.0,169.0,77.7,0
SAM,Samoa,1996,5,5,23.2,175.5,78.3,0
SAM,Samoa,2004,3,3,26.666666666666668,176.0,92.0,0
SAM,Samoa,2008,7,7,29.142857142857142,177.57142857142858,89.42857142857143,0
SAM,Samoa,2012,9,9,28.11111111111111,179.44444444444446,87.22222222222223,0
SAM,Samoa,2016,9,9,26.333333333333332,166.8,68.8,0
SCG,Serbia and Montenegro,1996,35,79,25.443037974683545,187.5909090909091,83.84848484848484,26
SCG,Serbia and Montenegro,2000,50,125,25.456,187.24193548387098,82.25806451612904,25
SCG,Serbia and Montenegro,2004,39,96,25.385416666666668,189.75,85.21875,13
SEN,Senegal,1964,7,14,23.785714285714285,178.71428571428572,70.14285714285714,0
SEN,Senegal,1968,9,24,26.565217391304348,183.22222222222223,72.0,0
SEN,Senegal,1972,23,40,25.857142857142858,179.97297297297297,72.43243243243244,0
SEN,Senegal,1976,27,33,27.379310344827587,178.6969696969697,79.33333333333333,0
SEN,Senegal,1980,22,39,24.735294117647058,183.30769230769232,76.94871794871794,0
SEN,Senegal,1984,21,29,26.428571428571427,179.27586206896552,75.89655172413794,0
SEN,Senegal,1988,23,35,25.08823529411765,180.9047619047619,75.48,1
SEN,Senegal,1992,20,25,27.16,178.3846153846154,77.23076923076923,0
SEN,Senegal,1996,8,12,27.5,185.25,80.375,0
SEN,Senegal,2000,15,32,24.71875,179.3125,72.09375,0
SEN,Senegal,2004,17,21,24.238095238095237,176.71428571428572,66.66666666666667,0
SEN,Senegal,2008,16,17,23.941176470588236,175.07142857142858,73.0,0
SEN,Senegal,2012,16,32,24.8125,180.71875,74.875,0
SEN,Senegal,2016,11,22,29.0,178.0909090909091,72.86363636363636,0
SEY,Seychelles,1980,15,21,22.761904761904763,177.52380952380952,66.61904761904762,0
SEY,Seychelles,1984,15,15,23.333333333333332,171.86666666666667,62.13333333333333,0
SEY,Seychelles,1992,18,21,19.238095238095237,179.33333333333334,72.66666666666667,0
SEY,Seychelles,1996,9,9,24.11111111111111,178.22222222222223,73.44444444444444,0
SEY,Seychelles,2000,9,9,22.11111111111111,171.77777777777777,68.25,0
SEY,Seychelles,2004,10,10,23.4,177.5,74.5,0
SEY,Seychelles,2008,9,10,25.6,171.33333333333334,76.22222222222223,0
SEY,Seychelles,2012,6,6,19.166666666666668,172.6,68.8,0
SEY,Seychelles,2016,10,10,26.1,176.2,73.9,0
SGP,Singapore,1956,13,52,27.547619047619047,173.88888888888889,70.875,0
SGP,Singapore,1960,3,5,39.0,175.4,83.3,1
SGP,Singapore,1968,6,6,26.666666666666668,164.83333333333334,55.666666666666664,0
SGP,Singapore,1972,12,12,20.833333333333332,168.44444444444446,57.44444444444444,0
SGP,Singapore,1976,4,4,24.0,166.0,67.75,0
SGP,Singapore,1984,7,14,19.714285714285715,180.0,74.0,0
SGP,Singapore,1988,16,27,22.185185185185187,177.55555555555554,70.11111111111111,0
SGP,Singapore,1992,26,37,21.62162162162162,170.375,63.75,0
SGP,Singapore,1996,27,35,20.6,172.54545454545453,64.0,0
SGP,Singapore,2000,20,23,21.17391304347826,170.1304347826087,65.91304347826087,0
SGP,Singapore-1,2004,16,22,24.636363636363637,170.0909090909091,64.04545454545455,0
SGP,Singapore,2008,25,36,22.86111111111111,171.22222222222223,63.416666666666664,3
SGP,Singapore,2012,29,36,23.444444444444443,166.0,61.916666666666664,4
SGP,Singapore,2016,24,32,24.40625,169.03125,63.46875,1
SKN,Saint Kitts and Nevis,1996,5,14,24.0,174.54545454545453,65.45454545454545,0
SKN,Saint Kitts and Nevis,2000,4,4,25.0,174.0,71.0,0
SKN,Saint Kitts and Nevis,2004,2,2,23.5,174.0,66.0,0
SKN,Saint Kitts and Nevis,2008,5,6,25.666666666666668,172.16666666666666,63.166666666666664,0
SKN,Saint Kitts and Nevis,2012,3,7,21.428571428571427,175.85714285714286,74.57142857142857,0
SKN,Saint Kitts and Nevis,2016,4,9,29.11111111111111,178.33333333333334,75.88888888888889,0
SLE,Sierra Leone,1968,4,4,27.25,176.5,72.5,0
SLE,Sierra Leone,1980,16,32,22.433333333333334,180.5483870967742,60.516129032258064,0
SLE,Sierra Leone,1984,6,10,21.9,178.57142857142858,70.2,0
SLE,Sierra Leone,1988,14,20,22.894736842105264,176.21052631578948,72.82352941176471,0
SLE,Sierra Leone,1992,12,15,20.4,177.0,71.2,0
SLE,Sierra Leone,1996,10,19,23.263157894736842,176.8235294117647,73.33333333333333,0
SLE,Sierra Leone,2004,2,2,18.5,157.0,65.5,0
SLE,Sierra Leone,2008,3,3,21.0,160.33333333333334,55.0,0
SLE,Sierra Leone,2012,2,2,25.5,180.5,73.5,0
SLE,Sierra Leone,2016,4,4,22.25,163.0,78.5,0
SLO,Slovenia,1992,34,47,24.53191489361702,177.96774193548387,71.03225806451613,6
SLO,Slovenia,1996,34,47,24.404255319148938,178.85,71.6,2
SLO,Slovenia,2000,53,90,25.244444444444444,180.7,75.75555555555556,3
SLO,Slovenia,2004,66,102,25.80392156862745,181.2941176470588,77.40196078431373,5
SLO,Slovenia,2008,60,73,26.52054794520548,179.46575342465752,74.53424657534246,5
SLO,Slovenia,2012,68,78,26.358974358974358,175.74358974358975,70.08974358974359,5
SLO,Slovenia,2016,45,70,26.957142857142856,178.81428571428572,75.14285714285714,4
SMR,San Marino,1960,5,13,22.923076923076923,175.15384615384616,71.53846153846153,0
SMR,San Marino,1968,2,4,28.5,168.5,69.25,0
SMR,San Marino,1972,4,7,28.571428571428573,180.0,77.28571428571429,0
SMR,San Marino,1976,7,10,28.3,175.0,73.8,0
SMR,San Marino,1980,10,16,28.75,174.6875,72.625,0
SMR,San Marino,1984,26,31,25.903225806451612,174.8709677419355,70.03225806451613,0
SMR,San Marino,1988,12,15,25.8,176.66666666666666,72.93333333333334,0
SMR,San Marino,1992,15,20,25.35,178.54545454545453,73.63636363636364,0
SMR,San Marino,1996,7,7,25.571428571428573,179.0,76.0,0
SMR,San Marino,2000,4,4,28.75,176.25,75.5,0
SMR,San Marino,2004,5,5,27.2,174.6,74.8,0
SMR,San Marino,2008,4,4,26.75,176.66666666666666,72.66666666666667,0
SMR,San Marino,2012,4,4,27.25,167.75,65.75,0
SMR,San Marino,2016,3,4,34.0,173.0,69.5,0
SOL,Solomon Islands,1984,3,3,24.5,185.0,67.75,0
SOL,Solomon Islands,1988,5,5,23.0,172.25,67.0,0
SOL,Solomon Islands,2000,2,2,22.0,172.0,64.0,0
SOL,Solomon Islands,2004,2,2,21.5,166.0,64.0,0
SOL,Solomon Islands,2008,3,3,22.0,161.0,61.0,0
SOL,Solomon Islands,2012,4,4,28.25,167.5,62.333333333333336,0
SOL,Solomon Islands,2016,3,3,24.666666666666668,165.0,58.0,0
SOM,Somalia,1972,4,4,24.75,176.75,65.0,0
SOM,Somalia,1984,6,9,19.833333333333332,178.88888888888889,65.66666666666667,0
SOM,Somalia,1988,4,5,23.25,176.0,62.4,0
SOM,Somalia,1996,4,4,28.0,176.0,69.66666666666667,0
SOM,Somalia,2000,2,2,23.0,173.0,65.5,0
SOM,Somalia,2004,2,2,17.0,170.0,56.0,0
SOM,Somalia,2008,2,2,17.5,170.5,62.0,0
SRB,Serbia,1912,2,2,19.0,171.5,65.0,0
SRB,Serbia,2008,42,97,25.855670103092784,186.04123711340208,80.95876288659794,15
SRB,Serbia,2012,55,134,26.64179104477612,185.55223880597015,81.1268656716418,16
SRB,Serbia,2016,56,127,27.590551181102363,183.5748031496063,79.22047244094489,54
SRI,Sri Lanka,1960,5,5,22.4,171.8,58.4,0
SRI,Sri Lanka,1964,6,7,26.0,170.28571428571428,57.857142857142854,0
SRI,Sri Lanka,1968,3,3,31.0,171.0,61.0,0
SRI,Sri Lanka,1972,6,6,25.333333333333332,167.5,55.5,0
SRI,Sri Lanka,1980,1,4,28.0,172.5,59.5,0
SRI,Sri Lanka,1984,5,6,22.5,172.16666666666666,67.33333333333333,0
SRI,Sri Lanka,1988,9,9,23.22222222222222,170.0,60.22222222222222,0
SRI,Sri Lanka,1992,16,16,23.9375,168.26666666666668,59.5,0
SRI,Sri Lanka,1996,9,11,26.363636363636363,166.5,59.9,0
SRI,Sri Lanka,2000,16,24,26.5,169.7391304347826,59.82608695652174,1
SRI,Sri Lanka,2004,8,8,27.25,174.0,60.25,0
SRI,Sri Lanka,2008,9,9,27.666666666666668,169.44444444444446,65.0,0
SRI,Sri Lanka,2012,8,8,26.5,168.375,60.875,0
SRI,Sri Lanka,2016,10,10,29.0,168.5,63.8,0
SSD,South Sudan,2016,3,3,24.0,173.33333333333334,63.333333333333336,0
STP,Sao Tome and Principe,1996,2,2,18.5,170.5,59.5,0
STP,Sao Tome and Principe,2000,2,2,24.5,178.5,74.0,0
STP,Sao Tome and Principe,2004,2,2,17.0,175.0,61.0,0
STP,Sao Tome and Principe,2008,4,4,21.25,171.5,65.75,0
STP,Sao Tome and Principe,2012,2,2,23.0,173.5,64.5,0
STP,Sao Tome and Principe,2016,3,3,27.333333333333332,168.0,57.333333333333336,0
SUD,Sudan,1960,10,13,22.428571428571427,179.15384615384616,71.76923076923077,0
SUD,Sudan,1968,7,7,32.0,175.14285714285714,63.714285714285715,0
SUD,Sudan,1972,15,31,24.666666666666668,169.95833333333334,65.58333333333333,0
SUD,Sudan,1984,9,9,27.2,175.83333333333334,62.0,0
SUD,Sudan,1988,8,8,27.8,172.125,65.625,0
SUD,Sudan,1992,7,7,26.0,171.75,72.6,0
SUD,Sudan,1996,4,4,25.0,172.0,63.333333333333336,0
SUD,Sudan,2000,3,3,19.0,174.66666666666666,60.333333333333336,0
SUD,Sudan,2004,4,4,23.25,183.25,71.75,0
SUD,Sudan,2008,8,9,22.22222222222222,171.75,61.0,1
SUD,Sudan,2012,5,6,23.0,176.16666666666666,61.0,0
SUD,Sudan,2016,6,6,21.333333333333332,173.66666666666666,68.0,0
SUI,Switzerland,1908,1,1,25.0,185.0,82.0,0
SUI,Switzerland,1912,3,7,39.42857142857143,185.0,82.0,2
SUI,Switzerland,1920,45,126,30.164383561643834,175.0,72.5,29
SUI,Switzerland,1924,74,262,27.392857142857142,171.0,70.25,60
SUI,Switzerland,1928,70,236,28.8855421686747,174.71428571428572,68.25,30
SUI,Switzerland,1932,9,9,30.0,176.42857142857142,61.25,1
SUI,Switzerland,1936,102,328,27.932515337423315,181.73684210526315,71.94117647058823,52
SUI,Switzerland,1948,98,287,31.483720930232558,176.16666666666666,71.6842105263158,36
SUI,Switzerland,1952,96,251,27.66938775510204,172.1304347826087,69.14,33
SUI,Switzerland,1956,6,18,34.857142857142854,176.0,73.0,3
SUI,Switzerland,1960,90,221,28.32579185520362,174.35813953488372,71.27906976744185,12
SUI,Switzerland,1964,51,129,28.06201550387597,174.75193798449612,71.65625,6
SUI,Switzerland,1968,68,155,25.954838709677418,175.94193548387096,72.68387096774194,13
SUI,Switzerland,1972,116,265,24.08679245283019,172.44150943396227,66.4188679245283,8
SUI,Switzerland,1976,41,101,25.554455445544555,174.9278350515464,70.17525773195877,10
SUI,Switzerland,1980,45,86,25.325581395348838,180.53488372093022,76.5813953488372,2
SUI,Switzerland,1984,91,245,23.653061224489797,173.93061224489796,67.91020408163266,13
SUI,Switzerland,1988,83,151,27.602649006622517,176.83443708609272,70.91390728476821,8
SUI,Switzerland,1992,80,171,26.333333333333332,175.57894736842104,69.25730994152046,1
SUI,Switzerland,1996,83,172,27.122093023255815,174.10843373493975,66.91566265060241,11
SUI,Switzerland,2000,82,138,27.3768115942029,176.4927536231884,68.8695652173913,14
SUI,Switzerland,2004,83,138,27.41304347826087,176.78985507246378,70.0072463768116,7
SUI,Switzerland,2008,75,116,27.448275862068964,176.7844827586207,69.84482758620689,11
SUI,Switzerland,2012,71,126,27.38095238095238,177.6904761904762,72.18253968253968,4
SUI,Switzerland-1,2016,80,152,25.95394736842105,174.05263157894737,67.11842105263158,11
SUR,Suriname,1968,1,1,20.0,177.0,65.0,0
SUR,Suriname,1972,3,3,19.0,168.33333333333334,63.666666666666664,0
SUR,Suriname,1976,4,4,23.0,176.0,67.33333333333333,0
SUR,Suriname,1984,7,7,19.833333333333332,171.83333333333334,68.5,0
SUR,Suriname,1988,10,10,21.4,173.5,66.1,1
SUR,Suriname,1992,7,9,21.666666666666668,173.2,65.6,1
SUR,Suriname,1996,11,11,21.272727272727273,168.25,60.25,0
SUR,Suriname,2000,5,5,23.6,166.8,60.8,0
SUR,Suriname,2004,4,4,23.5,168.0,58.75,0
SUR,Suriname,2008,4,4,19.0,169.0,64.75,0
SUR,Suriname,2012,5,5,22.0,169.2,68.0,0
SUR,Suriname,2016,6,6,24.333333333333332,184.0,77.5,0
SVK,Slovakia,1996,69,98,24.683673469387756,177.52631578947367,71.40526315789474,3
SVK,Slovakia,2000,63,132,24.62121212121212,179.86259541984734,75.2824427480916,6
SVK,Slovakia,2004,59,84,26.166666666666668,178.26190476190476,73.51785714285714,10
SVK,Slovakia,2008,54,67,27.791044776119403,179.109375,72.49230769230769,10
SVK,Slovakia,2012,52,65,27.415384615384614,177.52307692307693,70.5,5
SVK,Slovakia,2016,49,63,27.96825396825397,180.04761904761904,72.7936507936508,8
SWE,Sweden,1900,16,27,23.625,190.0,88.0,4
SWE,Sweden,1906,37,95,24.926315789473684,179.23809523809524,78.75862068965517,21
SWE,Sweden,1908,67,276,25.369565217391305,178.2549019607843,76.84210526315789,84
SWE,Sweden,1912,95,714,26.963534361851334,177.5179856115108,73.60176991150442,190
SWE,Sweden,1920,100,404,28.284653465346533,176.9090909090909,71.55932203389831,154
SWE,Sweden,1924,84,256,28.68359375,176.1081081081081,70.4054054054054,72
SWE,Sweden,1928,66,139,27.841726618705035,180.72727272727272,72.96875,37
SWE,Sweden,1932,51,128,37.346456692913385,181.8,75.92307692307692,32
SWE,Sweden,1936,84,231,32.1948051948052,183.1081081081081,78.12820512820512,35
SWE,Sweden,1948,100,223,29.03587443946188,180.23636363636365,73.86666666666666,75
SWE,Sweden,1952,124,355,27.067605633802817,177.18571428571428,71.78947368421052,70
SWE,Slaghoken II,1956,80,186,29.096774193548388,176.27118644067798,71.31666666666666,34
SWE,Lasha,1960,100,258,26.03488372093023,174.35416666666666,67.48117154811716,7
SWE,Sweden,1964,72,175,26.13714285714286,174.17714285714285,67.56,15
SWE,Sweden,1968,95,186,24.365591397849464,178.60752688172042,72.02150537634408,9
SWE,Sweden,1972,90,186,24.876344086021504,178.56451612903226,71.95108695652173,22
SWE,Sweden,1976,90,163,24.45398773006135,180.09815950920245,75.03680981595092,10
SWE,Sweden,1980,102,201,23.756218905472636,180.955223880597,75.0049751243781,20
SWE,Sweden,1984,138,254,24.24015748031496,179.83464566929135,74.19094488188976,34
SWE,Sweden,1988,113,251,25.53784860557769,181.05,75.85833333333333,16
SWE,Sweden,1992,121,252,26.33730158730159,180.35744680851064,76.02412280701755,35
SWE,Sweden,1996,109,233,27.13733905579399,179.61702127659575,75.1951871657754,31
SWE,Sweden,2000,92,198,27.196969696969695,180.04040404040404,75.92424242424242,32
SWE,Sweden,2004,79,157,27.630573248407643,178.35668789808918,71.39490445859873,12
SWE,Sweden,2008,81,169,27.875739644970412,178.01775147928993,71.7125748502994,7
SWE,Sweden,2012,81,168,28.404761904761905,178.32738095238096,72.25595238095238,22
SWE,Sweden,2016,79,186,27.677419354838708,178.1021505376344,73.09677419354838,28
SWZ,Swaziland,1972,4,4,34.0,170.5,71.0,0
SWZ,Swaziland,1984,11,11,23.454545454545453,165.75,65.5,0
SWZ,Swaziland,1988,11,15,24.666666666666668,167.16666666666666,69.91666666666667,0
SWZ,Swaziland,1992,10,10,21.5,176.8,62.5,0
SWZ,Swaziland,1996,5,6,26.0,170.0,61.666666666666664,0
SWZ,Swaziland,2000,6,6,22.333333333333332,173.5,61.0,0
SWZ,Swaziland,2004,3,3,26.666666666666668,175.0,73.33333333333333,0
SWZ,Swaziland,2008,4,4,20.0,174.0,64.25,0
SWZ,Swaziland,2012,3,3,22.0,176.66666666666666,74.66666666666667,0
SWZ,Swaziland,2016,2,2,25.5,175.0,69.5,0
SYR,Syria,1972,4,5,31.0,166.4,59.8,0
SYR,Syria,1980,55,71,24.507042253521128,173.8,79.78571428571429,0
SYR,Syria,1984,9,9,24.88888888888889,170.71428571428572,77.375,1
SYR,Syria,1988,13,13,22.76923076923077,170.23076923076923,73.23076923076923,0
SYR,Syria,1992,9,9,23.666666666666668,174.0,63.8,0
SYR,Syria,1996,8,8,23.75,168.0,63.666666666666664,1
SYR,Syria,2000,7,8,26.0,178.5,71.25,0
SYR,Syria,2004,6,6,27.166666666666668,177.0,83.5,1
SYR,Syria,2008,7,7,25.0,176.14285714285714,76.71428571428571,0
SYR,Syria,2012,10,10,24.5,177.9,74.1,0
SYR,Syria,2016,7,7,24.142857142857142,185.33333333333334,84.83333333333333,0
TAN,Tanzania,1964,4,4,23.25,174.5,61.5,0
TAN,Tanzania,1968,5,5,21.0,172.0,65.4,0
TAN,Tanzania,1972,16,22,23.0,171.71428571428572,61.857142857142854,0
TAN,Tanzania,1980,22,48,25.02173913043478,170.04255319148936,64.25531914893617,2
TAN,Tanzania,1984,14,21,27.357142857142858,170.25,63.27777777777778,0
TAN,Tanzania,1988,9,10,23.5,167.3,62.1,0
TAN,Tanzania,1992,7,9,26.0,168.66666666666666,63.111111111111114,0
TAN,Tanzania,1996,5,7,25.857142857142858,168.16666666666666,64.71428571428571,0
TAN,Tanzania,2000,2,4,27.0,171.25,59.0,0
TAN,Tanzania,2004,6,9,24.444444444444443,166.44444444444446,54.111111111111114,0
TAN,Tanzania,2008,6,9,25.444444444444443,169.0,61.875,0
TAN,Tanzania,2012,5,6,26.666666666666668,166.33333333333334,58.166666666666664,0
TAN,Tanzania,2016,5,7,24.428571428571427,165.75,57.857142857142854,0
TCH,Czechoslovakia,1920,53,182,29.25242718446602,171.45454545454547,70.0,10
TCH,Czechoslovakia-2,1924,75,242,28.26993865030675,174.23076923076923,72.0,10
TCH,Czechoslovakia,1928,51,147,26.862903225806452,176.63636363636363,75.3,16
TCH,Czechoslovakia,1932,15,44,41.20454545454545,177.66666666666666,87.5,6
TCH,Czechoslovakia,1936,102,293,28.754448398576514,180.45833333333334,79.70689655172414,18
TCH,Czechoslovakia,1948,57,153,28.696969696969695,179.44444444444446,78.33333333333333,20
TCH,Czechoslovakia,1952,70,218,23.80275229357798,171.60344827586206,69.58620689655173,25
TCH,Czechoslovakia,1956,54,161,25.593548387096774,170.37704918032787,68.71774193548387,7
TCH,Czechoslovakia,1960,75,202,25.584158415841586,171.7029702970297,69.97524752475248,22
TCH,Czechoslovakia,1964,64,187,24.83957219251337,172.58823529411765,70.41711229946524,54
TCH,Czechoslovakia,1968,66,203,23.960591133004925,172.9064039408867,69.14778325123153,29
TCH,Czechoslovakia,1972,93,274,24.48905109489051,175.57299270072994,72.63138686131387,29
TCH,Czechoslovakia,1976,79,251,23.9601593625498,175.73705179282868,71.78486055776892,15
TCH,Czechoslovakia,1980,114,317,23.971608832807572,174.36190476190475,69.96825396825396,51
TCH,Czechoslovakia,1988,97,226,23.72566371681416,176.5929203539823,71.99115044247787,10
TCH,Czechoslovakia,1992,121,269,24.04089219330855,178.56470588235294,73.90234375,8
TGA,Tonga,1988,7,7,22.142857142857142,183.28571428571428,83.0,0
TGA,Tonga,1992,5,5,24.0,179.75,81.2,0
TGA,Tonga,1996,5,5,24.4,177.0,86.0,1
TGA,Tonga,2000,3,3,27.666666666666668,173.33333333333334,79.66666666666667,0
TGA,Tonga,2004,5,5,27.4,177.0,83.6,0
TGA,Tonga,2008,3,3,29.666666666666668,181.66666666666666,100.0,0
TGA,Tonga,2012,3,3,24.666666666666668,183.0,88.5,0
TGA,Tonga,2016,7,7,22.142857142857142,177.85714285714286,79.0,0
THA,Thailand,1956,14,40,24.857142857142858,167.125,60.875,0
THA,Thailand,1960,16,24,27.666666666666668,168.25,64.5,0
THA,Thailand,1964,41,67,25.16417910447761,167.84615384615384,62.46153846153846,0
THA,Thailand,1968,18,46,26.42222222222222,169.41304347826087,61.54347826086956,0
THA,Thailand,1972,21,37,29.16216216216216,167.13888888888889,61.361111111111114,0
THA,Thailand,1976,33,62,26.39344262295082,169.03389830508473,59.983050847457626,1
THA,Thailand,1984,25,40,27.85,167.5,59.275,1
THA,Thailand,1988,12,15,24.866666666666667,165.46153846153845,58.76923076923077,1
THA,Thailand,1992,47,64,22.21875,166.53968253968253,58.82539682539682,1
THA,Thailand,1996,42,58,21.310344827586206,169.04761904761904,62.81395348837209,2
THA,Thailand,2000,51,68,22.955882352941178,170.3230769230769,62.6,3
THA,Thailand,2004,46,51,25.19607843137255,169.2549019607843,63.450980392156865,8
THA,Thailand,2008,43,53,24.62264150943396,167.0754716981132,59.509433962264154,4
THA,Thailand,2012,37,43,24.930232558139537,168.11627906976744,64.40697674418605,3
THA,Thailand,2016,45,58,25.96551724137931,169.5,65.91379310344827,6
TJK,Tajikistan,1996,8,8,21.5,180.33333333333334,77.0,0
TJK,Tajikistan,2000,4,4,22.25,168.5,57.25,0
TJK,Tajikistan,2004,9,9,29.333333333333332,168.55555555555554,73.11111111111111,0
TJK,Tajikistan,2008,16,16,27.3125,173.5,76.875,2
TJK,Tajikistan,2012,16,16,27.1875,175.3125,77.25,1
TJK,Tajikistan,2016,7,7,24.857142857142858,179.14285714285714,80.14285714285714,1
TKM,Turkmenistan,1996,7,7,24.285714285714285,175.5,73.0,0
TKM,Turkmenistan,2000,8,8,25.375,170.0,68.625,0
TKM,Turkmenistan,2004,10,10,24.7,175.4,71.6,0
TKM,Turkmenistan,2008,9,10,23.7,169.7,70.2,0
TKM,Turkmenistan,2012,10,10,23.0,174.3,69.6,0
TKM,Turkmenistan,2016,9,9,22.444444444444443,175.0,77.33333333333333,0
TLS,Timor Leste,2004,2,2,27.0,161.0,43.0,0
TLS,Timor Leste,2008,1,1,24.0,151.0,48.0,0
TLS,Timor Leste,2012,2,2,24.0,159.5,53.0,0
TLS,Timor Leste,2016,3,3,26.0,160.0,58.0,0
TOG,Togo,1972,5,7,22.166666666666668,173.0,67.0,0
TOG,Togo,1984,6,6,25.2,174.16666666666666,66.5,0
TOG,Togo,1988,6,6,23.333333333333332,173.0,64.83333333333333,0
TOG,Togo,1992,5,9,24.333333333333332,171.75,71.125,0
TOG,Togo,1996,4,7,26.285714285714285,173.57142857142858,72.83333333333333,0
TOG,Togo,2000,3,3,19.333333333333332,171.0,68.33333333333333,0
TOG,Togo,2004,3,3,22.666666666666668,174.0,66.33333333333333,0
TOG,Togo,2008,4,4,27.5,177.75,76.25,1
TOG,Togo,2012,6,6,23.833333333333332,173.4,68.8,0
TOG,Togo,2016,5,5,18.8,158.0,53.0,0
TPE,Chinese Taipei,1956,13,23,21.714285714285715,171.33333333333334,66.0,0
TPE,Chinese Taipei,1960,18,31,25.93548387096774,170.06451612903226,63.87096774193548,1
TPE,Chinese Taipei,1964,46,96,24.28125,164.55208333333334,59.875,0
TPE,Chinese Taipei,1968,57,93,23.86021505376344,166.4516129032258,59.69892473118279,1
TPE,Chinese Taipei,1972,41,44,21.613636363636363,169.52272727272728,62.72093023255814,0
TPE,Chinese Taipei,1984,40,52,22.78846153846154,171.96153846153845,64.84615384615384,1
TPE,Chinese Taipei,1988,84,123,21.991803278688526,168.70491803278688,62.14754098360656,0
TPE,Chinese Taipei,1992,15,38,24.81578947368421,174.94285714285715,72.11111111111111,20
TPE,Chinese Taipei,1996,63,107,22.177570093457945,168.47169811320754,61.9811320754717,1
TPE,Chinese Taipei-1,2000,59,75,22.346666666666668,168.70666666666668,62.49333333333333,5
TPE,Chinese Taipei,2004,52,104,22.903846153846153,172.06730769230768,69.51923076923077,9
TPE,Chinese Taipei,2008,41,92,24.75,171.32967032967034,70.9010989010989,4
TPE,Chinese Taipei,2012,40,55,24.236363636363638,169.5818181818182,67.94545454545455,2
TPE,Chinese Taipei,2016,46,67,25.134328358208954,169.2089552238806,65.60606060606061,5
TTO,Trinidad and Tobago,1948,9,9,27.666666666666668,173.0,62.5,1
TTO,Trinidad and Tobago,1956,7,10,26.875,171.0,70.125,0
TTO,Trinidad and Tobago,1964,10,18,25.0,177.33333333333334,76.88888888888889,6
TTO,Trinidad and Tobago,1968,14,25,24.28,174.68,71.52,0
TTO,Trinidad and Tobago,1972,16,36,22.916666666666668,177.4,72.88571428571429,0
TTO,Trinidad and Tobago,1976,10,20,24.45,176.73684210526315,70.84210526315789,1
TTO,Trinidad and Tobago,1980,5,15,27.133333333333333,177.4,74.53333333333333,0
TTO,Trinidad and Tobago,1984,14,23,22.043478260869566,177.2608695652174,69.47826086956522,0
TTO,Trinidad and Tobago,1988,9,10,23.2,172.1,65.0,0
TTO,Trinidad and Tobago,1992,7,13,25.076923076923077,178.6153846153846,72.76923076923077,0
TTO,Trinidad and Tobago,1996,14,16,24.0,176.69230769230768,70.76923076923077,2
TTO,Trinidad and Tobago,2000,18,29,23.344827586206897,178.82758620689654,73.0,2
TTO,Trinidad and Tobago,2004,18,26,24.23076923076923,178.07692307692307,75.3076923076923,1
TTO,Trinidad and Tobago,2008,19,35,24.685714285714287,178.46875,73.2258064516129,6
TTO,Trinidad and Tobago,2012,22,38,24.657894736842106,177.3421052631579,74.64864864864865,10
TTO,Trinidad and Tobago,2016,24,43,26.41860465116279,174.58536585365854,69.2,1
TUN,Tunisia,1960,22,56,24.839285714285715,170.75,66.76785714285714,0
TUN,Tunisia,1964,9,12,25.181818181818183,173.08333333333334,63.27272727272727,2
TUN,Tunisia,1968,7,8,25.375,169.75,60.625,2
TUN,Tunisia,1972,11,37,23.324324324324323,178.8181818181818,72.81818181818181,1
TUN,Tunisia,1976,5,16,22.6875,181.46666666666667,76.93333333333334,0
TUN,Tunisia,1984,17,28,22.142857142857142,178.78571428571428,71.60714285714286,0
TUN,Tunisia,1988,14,45,24.155555555555555,179.13333333333333,71.8,0
TUN,Tunisia,1992,13,15,24.666666666666668,173.42857142857142,67.0,0
TUN,Tunisia,1996,24,52,23.75,178.97142857142856,75.36111111111111,1
TUN,Tunisia,2000,34,47,24.404255319148938,179.12765957446808,77.42553191489361,0
TUN,Tunisia,2004,37,64,23.234375,178.265625,72.85714285714286,0
TUN,Tunisia,2008,28,29,23.689655172413794,174.82142857142858,69.17241379310344,1
TUN,Tunisia,2012,50,87,25.344827586206897,183.75862068965517,81.84146341463415,3
TUN,Tunisia,2016,47,65,26.876923076923077,180.76190476190476,78.875,3
TUR,Turkey,1906,2,2,13.0,173.0,71.0,0
TUR,Turkey,1912,7,7,26.142857142857142,173.0,71.0,0
TUR,Turkey,1948,42,87,26.82051282051282,170.66666666666666,69.0,12
TUR,Turkey,1952,31,58,23.870967741935484,176.72727272727272,77.33333333333333,3
TUR,Turkey,1956,20,28,29.214285714285715,176.125,71.36363636363636,7
TUR,Turkey,1960,41,58,27.916666666666668,173.98245614035088,70.59615384615384,9
TUR,Turkey,1964,24,25,29.0,175.32,76.0,6
TUR,Turkey,1968,29,30,27.05263157894737,173.43333333333334,71.5,2
TUR,Turkey,1972,43,50,25.84,173.42,69.12,1
TUR,Turkey,1976,27,28,25.88888888888889,169.33333333333334,66.85185185185185,0
TUR,Turkey,1984,49,62,24.822580645161292,176.86885245901638,72.47540983606558,3
TUR,Turkey,1988,40,51,23.56,173.3,68.72,2
TUR,Turkey,1992,43,54,23.055555555555557,174.67741935483872,75.65714285714286,6
TUR,Turkey,1996,55,61,24.40983606557377,172.58139534883722,72.04166666666667,6
TUR,Turkey,2000,58,67,23.895522388059703,174.16417910447763,71.46268656716418,5
TUR,Turkey,2004,65,74,24.283783783783782,174.05405405405406,71.1891891891892,11
TUR,Turkey,2008,67,71,25.633802816901408,173.98591549295776,71.54929577464789,7
TUR,Turkey,2012,80,119,25.672268907563026,174.47058823529412,70.76470588235294,5
TUR,Turkey,2016,88,119,25.403361344537814,175.18487394957984,69.9327731092437,8
TUV,Tuvalu,2008,3,3,18.666666666666668,163.0,57.5,0
TUV,Tuvalu,2012,3,3,20.333333333333332,158.0,60.666666666666664,0
TUV,Tuvalu,2016,1,1,24.0,184.0,72.0,0
UAE,United Arab Emirates,1988,15,36,19.473684210526315,171.80555555555554,63.416666666666664,0
UAE,United Arab Emirates,1992,19,36,21.620689655172413,171.3448275862069,62.48275862068966,0
UAE,United Arab Emirates,1996,4,4,23.75,180.0,80.0,0
UAE,United Arab Emirates,2000,5,5,27.6,175.2,72.2,0
UAE,United Arab Emirates,2004,5,5,29.4,176.8,70.6,1
UAE,United Arab Emirates,2008,9,9,27.77777777777778,172.125,69.0,0
UAE,United Arab Emirates,2012,9,26,23.615384615384617,174.29166666666666,70.24,0
UAE,United Arab Emirates,2016,11,12,27.833333333333332,171.63636363636363,73.0,1
UAR,United Arab Republic,1960,34,123,25.696428571428573,181.0,74.0,2
UGA,Uganda,1960,11,16,22.125,176.75,68.5,0
UGA,Uganda,1964,14,19,23.210526315789473,175.10526315789474,70.26315789473684,0
UGA,Uganda,1968,14,14,22.571428571428573,171.57142857142858,63.142857142857146,2
UGA,Uganda,1972,19,35,25.542857142857144,173.25714285714287,66.85714285714286,2
UGA,Uganda,1980,12,16,24.5,176.64285714285714,69.71428571428571,1
UGA,Uganda,1984,24,30,24.428571428571427,170.64285714285714,65.74074074074075,0
UGA,Uganda,1988,22,30,23.766666666666666,170.26666666666668,62.666666666666664,0
UGA,Uganda,1992,9,9,22.625,177.2,64.4,0
UGA,Uganda,1996,9,12,25.4,169.5,69.14285714285714,1
UGA,Uganda,2000,13,13,24.5,164.91666666666666,57.25,0
UGA,Uganda,2004,10,11,20.90909090909091,167.54545454545453,61.27272727272727,0
UGA,Uganda,2008,10,11,23.545454545454547,172.9090909090909,58.90909090909091,0
UGA,Uganda,2012,12,16,24.0625,170.9375,59.5625,1
UGA,Uganda,2016,14,23,23.130434782608695,171.16666666666666,61.333333333333336,0
UKR,Ukraine,1996,148,351,24.37037037037037,173.9918367346939,70.3225806451613,34
UKR,Ukraine,2000,185,368,24.51086956521739,174.13896457765668,69.20765027322405,35
UKR,Ukraine,2004,175,357,24.434173669467786,174.69467787114846,68.94817927170868,47
UKR,Ukraine,2008,177,327,24.874617737003057,175.43119266055047,69.9006116207951,31
UKR,Ukraine,2012,174,304,25.39144736842105,175.24752475247524,70.14432989690722,26
UKR,Ukraine,2016,142,272,26.46323529411765,174.90036900369003,68.85925925925926,15
URS,Soviet Union,1952,141,451,26.931398416886545,176.91176470588235,74.34803921568627,117
URS,Soviet Union,1956,141,411,25.587467362924283,173.26699029126215,71.0,169
URS,Soviet Union,1960,145,414,25.557971014492754,173.4600484261501,71.53268765133171,169
URS,Soviet Union,1964,154,463,25.954643628509718,174.74082073434124,72.80021598272138,174
URS,Soviet Union,1968,164,471,24.43312101910828,175.3651804670913,72.1868365180467,192
URS,Soviet Union,1972,180,531,24.91713747645951,175.3913894324853,72.35433070866142,214
URS,Soviet Union,1976,189,574,23.998257839721255,175.80994671403198,72.48845470692717,286
URS,Soviet Union,1980,202,660,23.73030303030303,176.51603053435113,72.6189024390244,442
URS,Soviet Union,1988,221,647,24.11437403400309,177.125386996904,73.66099071207431,300
URU,Uruguay,1924,11,40,23.166666666666668,176.1,75.0,14
URU,Uruguay,1928,1,17,26.11764705882353,174.75,74.75,17
URU,Uruguay,1948,32,79,26.149253731343283,177.91666666666666,72.36363636363636,3
URU,Uruguay,1952,16,42,26.833333333333332,179.0,77.25,14
URU,Uruguay,1956,8,29,23.296296296296298,175.76470588235293,76.88235294117646,12
URU,Uruguay,1960,15,42,25.357142857142858,176.54761904761904,76.54761904761905,0
URU,Uruguay,1964,8,29,25.379310344827587,179.83333333333334,78.89655172413794,1
URU,Uruguay,1968,31,50,20.755102040816325,167.66,64.56,0
URU,Uruguay,1972,12,20,22.7,170.15,66.95,0
URU,Uruguay,1976,9,15,20.8,172.4,68.6,0
URU,Uruguay,1984,11,23,22.0,186.47826086956522,81.52173913043478,0
URU,Uruguay,1988,14,18,24.166666666666668,178.94444444444446,76.5,0
URU,Uruguay,1992,15,18,27.444444444444443,179.3,74.36363636363636,0
URU,Uruguay,1996,14,15,25.133333333333333,177.5,71.28571428571429,0
URU,Uruguay,2000,16,17,25.823529411764707,176.41176470588235,75.29411764705883,1
URU,Uruguay,2004,16,18,24.27777777777778,177.72222222222223,73.38888888888889,0
URU,Uruguay,2008,12,13,25.307692307692307,178.07692307692307,73.23076923076923,0
URU,Uruguay,2012,11,27,23.962962962962962,179.11111111111111,73.96296296296296,0
URU,Uruguay,2016,14,17,29.235294117647058,176.76470588235293,72.11764705882354,0
USA,United States,1896,16,27,23.074074074074073,179.875,72.46153846153847,20
USA,A North American Team,1900,41,135,24.4,179.04761904761904,74.44117647058823,63
USA,United States,1904,95,1109,27.00676437429538,175.77906976744185,71.6,394
USA,United States,1906,28,81,24.91358024691358,180.27118644067798,71.52542372881356,24
USA,United States,1908,52,219,26.364485981308412,179.47619047619048,76.14893617021276,65
USA,United States,1912,68,364,28.132596685082873,179.1605504587156,73.62222222222222,107
USA,United States,1920,113,473,27.18895966029724,176.75409836065575,74.17482517482517,194
USA,United States,1924,108,459,26.595185995623634,175.88256227758006,71.00862068965517,182
USA,United States,1928,96,426,29.071428571428573,178.94838709677418,72.75,88
USA,United States,1932,122,743,36.00561009817672,178.32876712328766,71.70161290322581,189
USA,United States,1936,127,487,27.20954356846473,179.824,73.03875968992249,96
USA,United States,1948,126,424,26.504716981132077,178.09803921568627,73.6875,152
USA,United States,1952,133,451,25.75609756097561,179.40721649484536,76.29629629629629,134
USA,United States,1956,144,443,24.81489841986456,176.65661252900233,72.58816705336427,123
USA,United States,1960,147,428,23.77803738317757,177.6214953271028,71.9661214953271,125
USA,United States,1964,159,492,23.54471544715447,177.22967479674796,71.82723577235772,169
USA,United States,1968,167,529,23.453686200378073,177.20037807183365,72.10491493383743,166
USA,United States,1972,185,578,23.633217993079583,177.61431064572426,71.65853658536585,171
USA,United States,1976,189,554,23.0,177.29294755877035,71.00994575045208,164
USA,United States,1984,217,693,24.599131693198263,177.18260869565216,71.6159420289855,352
USA,United States,1988,230,715,25.213183730715286,177.0998593530239,71.38295880149813,207
USA,United States,1992,248,734,25.664392905866304,176.95054945054946,71.85482395976224,224
USA,United States,1996,263,839,26.36948748510131,177.52832674571806,73.171581769437,259
USA,United States,2000,265,764,26.6282722513089,177.325,73.59815546772069,242
USA,United States,2004,254,726,26.517906336088153,177.01243093922653,73.59474412171508,263
USA,United States,2008,258,763,26.35910878112713,177.66841415465268,74.44708994708995,317
USA,United States,2012,245,689,26.664731494920176,178.3309143686502,74.6923076923077,248
USA,United States,2016,245,719,26.38108484005563,178.04178272980502,73.75069637883009,264
UZB,Uzbekistan,1996,70,95,24.31578947368421,178.7058823529412,77.5,2
UZB,Uzbekistan,2000,69,85,24.41176470588235,175.3132530120482,72.625,4
UZB,Uzbekistan,2004,71,79,23.670886075949365,177.60759493670886,75.04430379746836,5
UZB,Uzbekistan,2008,67,69,23.333333333333332,175.40579710144928,71.21739130434783,6
UZB,Uzbekistan,2012,52,56,25.357142857142858,175.66666666666666,75.26923076923077,3
UZB,Uzbekistan,2016,69,80,25.725,174.42857142857142,72.46753246753246,13
VAN,Vanuatu,1988,6,6,22.666666666666668,167.66666666666666,61.166666666666664,0
VAN,Vanuatu,1992,8,8,21.625,169.66666666666666,59.2,0
VAN,Vanuatu,1996,4,4,25.75,166.5,60.75,0
VAN,Vanuatu,2000,3,3,38.666666666666664,166.5,63.5,0
VAN,Vanuatu,2004,2,2,18.0,166.0,63.5,0
VAN,Vanuatu,2008,3,3,21.0,167.66666666666666,69.5,0
VAN,Vanuatu,2012,5,5,24.6,172.0,73.0,0
VAN,Vanuatu,2016,4,4,23.0,176.66666666666666,70.33333333333333,0
VEN,Venezuela,1952,37,63,23.918032786885245,176.125,68.25,1
VEN,Venezuela,1956,16,38,26.548387096774192,171.91666666666666,71.58333333333333,0
VEN,Venezuela,1960,26,54,26.425925925925927,170.54716981132074,66.85185185185185,1
VEN,Venezuela,1964,16,23,29.91304347826087,175.95652173913044,73.8695652173913,0
VEN,Venezuela,1968,17,30,28.2,175.16666666666666,70.43333333333334,1
VEN,Venezuela,1972,27,33,21.848484848484848,174.3125,67.53125,0
VEN,Venezuela,1976,35,56,19.125,169.07142857142858,60.904761904761905,1
VEN,Venezuela,1980,20,43,21.790697674418606,174.09302325581396,67.74418604651163,1
VEN,Venezuela,1984,29,44,23.454545454545453,178.75,71.875,3
VEN,Venezuela,1988,15,17,23.235294117647058,169.1875,63.23529411764706,0
VEN,Venezuela,1992,16,27,25.555555555555557,182.15,76.02941176470588,0
VEN,Venezuela,1996,36,53,23.452830188679247,177.02941176470588,75.83823529411765,0
VEN,Venezuela,2000,49,65,23.046153846153846,171.140625,67.9765625,0
VEN,Venezuela,2004,51,53,24.39622641509434,172.58490566037736,73.14150943396227,2
VEN,Venezuela,2008,83,126,24.42063492063492,174.808,69.796,1
VEN,Venezuela,2012,70,85,26.28235294117647,172.2,69.47590361445783,1
VEN,Venezuela,2016,77,105,27.476190476190474,177.44230769230768,74.9423076923077,3
VIE,Vietnam,1980,31,38,23.68421052631579,164.5,58.078947368421055,0
VIE,Vietnam,1988,12,12,22.916666666666668,166.0,55.75,0
VIE,Vietnam,1992,10,10,23.6,163.0,50.25,0
VIE,Vietnam,1996,6,6,22.166666666666668,159.0,51.0,0
VIE,Vietnam,2000,7,7,22.428571428571427,163.42857142857142,54.42857142857143,1
VIE,Vietnam,2004,10,11,22.545454545454547,170.1818181818182,61.36363636363637,0
VIE,Vietnam,2008,18,18,25.055555555555557,162.11764705882354,57.55555555555556,1
VIE,Vietnam,2012,23,24,23.666666666666668,164.75,57.083333333333336,0
VIE,Vietnam,2016,24,28,26.892857142857142,167.07142857142858,59.67857142857143,2
VIN,Saint Vincent and the Grenadines,1988,6,6,20.5,157.0,57.0,0
VIN,Saint Vincent and the Grenadines,1992,5,8,22.0,179.5,68.25,0
VIN,Saint Vincent and the Grenadines,1996,6,12,21.75,185.66666666666666,71.5,0
VIN,Saint Vincent and the Grenadines,2000,4,4,21.0,172.5,64.0,0
VIN,Saint Vincent and the Grenadines,2004,3,3,21.333333333333332,167.66666666666666,62.666666666666664,0
VIN,Saint Vincent and the Grenadines,2008,2,2,24.0,178.0,65.0,0
VIN,Saint Vincent and the Grenadines,2012,3,3,22.0,180.5,73.5,0
VIN,Saint Vincent and the Grenadines,2016,4,4,20.75,175.5,60.0,0
VNM,South Vietnam,1960,5,5,23.4,166.2,57.8,0
VNM,South Vietnam,1964,14,23,27.571428571428573,165.8695652173913,58.26086956521739,0
VNM,South Vietnam,1968,7,9,27.555555555555557,165.66666666666666,59.666666666666664,0
VNM,South Vietnam,1972,1,2,43.0,162.0,53.0,0
WIF,West Indies Federation,1960,13,20,26.2,178.0,72.15,5
YAR,North Yemen,1984,3,3,27.666666666666668,163.33333333333334,57.666666666666664,0
YAR,North Yemen,1988,8,8,20.125,169.14285714285714,69.0,0
YEM,Yemen,1992,8,8,19.625,169.0,60.0,0
YEM,Yemen,1996,4,4,24.75,166.66666666666666,59.666666666666664,0
YEM,Yemen,2000,2,2,25.0,171.5,61.0,0
YEM,Yemen,2004,3,3,20.0,168.66666666666666,64.33333333333333,0
YEM,Yemen,2008,8,8,21.375,165.42857142857142,55.57142857142857,0
YEM,Yemen,2012,4,4,20.0,169.0,58.0,0
YEM,Yemen,2016,3,3,19.333333333333332,169.66666666666666,65.66666666666667,0
YMD,South Yemen,1988,5,5,23.6,175.0,63.333333333333336,0
YUG,Yugoslavia,1924,27,116,25.319444444444443,190.0,90.0,2
YUG,Yugoslavia,1928,21,86,25.875,175.5,69.25,12
YUG,Yugoslavia,1932,1,1,34.0,192.0,85.0,0
YUG,Yugoslavia,1936,59,173,25.929411764705883,179.9,75.65,1
YUG,Yugoslavia,1948,35,162,29.186046511627907,176.66666666666666,73.25,16
YUG,Yugoslavia,1952,48,194,26.319277108433734,172.9268292682927,69.35897435897436,24
YUG,Yugoslavia,1956,16,37,24.45945945945946,178.35294117647058,80.0,23
YUG,Yugoslavia,1960,64,185,24.437837837837836,175.06486486486486,72.8913043478261,17
YUG,Yugoslavia,1964,32,123,25.0,176.8211382113821,75.35772357723577,15
YUG,Yugoslavia,1968,54,130,24.23846153846154,174.94615384615383,71.56153846153846,29
YUG,Yugoslavia,1972,73,212,24.641509433962263,175.23671497584542,71.46859903381643,18
YUG,Yugoslavia,1976,52,95,24.4,185.50526315789475,82.62105263157895,19
YUG,Yugoslavia,1980,69,180,24.318435754189945,183.3240223463687,79.20224719101124,57
YUG,Yugoslavia,1984,53,154,24.62987012987013,182.3961038961039,78.33116883116882,87
YUG,Yugoslavia,1988,72,183,23.879781420765028,182.82513661202185,77.64480874316939,63
ZAM,Zambia,1964,13,15,21.666666666666668,175.73333333333332,68.0,0
ZAM,Zambia,1968,5,7,20.142857142857142,175.25,60.25,0
ZAM,Zambia,1972,12,12,21.166666666666668,168.5,58.25,0
ZAM,Zambia,1980,25,43,27.227272727272727,174.21428571428572,67.95,0
ZAM,Zambia,1984,18,18,22.3,173.71428571428572,67.8,1
ZAM,Zambia,1988,11,33,24.03030303030303,172.78125,68.09375,0
ZAM,Zambia,1992,11,11,22.818181818181817,169.71428571428572,64.42857142857143,0
ZAM,Zambia,1996,8,8,25.75,170.16666666666666,60.57142857142857,1
ZAM,Zambia,2000,8,8,23.0,173.16666666666666,64.83333333333333,0
ZAM,Zambia,2004,6,6,22.5,173.66666666666666,64.5,0
ZAM,Zambia,2008,8,8,21.875,168.71428571428572,62.75,0
ZAM,Zambia,2012,7,7,22.571428571428573,176.16666666666666,74.16666666666667,0
ZAM,Zambia,2016,7,7,24.142857142857142,175.16666666666666,67.5,0
ZIM,Zimbabwe,1960,6,10,14.8,155.0,58.5,0
ZIM,Zimbabwe,1964,15,33,25.303030303030305,174.45454545454547,70.39393939393939,0
ZIM,Zimbabwe,1980,30,52,26.941176470588236,171.94230769230768,70.98076923076923,15
ZIM,Zimbabwe,1984,18,20,29.1,173.95,67.55,0
ZIM,Zimbabwe,1988,38,47,25.106382978723403,176.48936170212767,70.31914893617021,0
ZIM,Zimbabwe,1992,22,28,21.214285714285715,171.14285714285714,62.42857142857143,0
ZIM,Zimbabwe,1996,15,21,23.761904761904763,176.7058823529412,68.66666666666667,0
ZIM,Zimbabwe,2000,19,26,24.96153846153846,178.96,71.08,0
ZIM,Zimbabwe,2004,11,14,25.071428571428573,177.78571428571428,70.5,3
ZIM,Zimbabwe,2008,15,16,26.0625,171.92857142857142,63.714285714285715,4
ZIM,Zimbabwe,2012,8,9,27.333333333333332,174.44444444444446,65.22222222222223,0
ZIM,Zimbabwe,2016,13,31,27.483870967741936,167.83870967741936,62.193548387096776,0
